,Project ID,Project Title,Budget,Country,Country Code,Link,Donors,VF or Non-VF,Output Count,Project Description,Direct Beneficiaries,GHG Emissions Reduction,description,sdgs,solution
0,117913.0,Résilience des communautés et des écosystèmes,3459600.0,Togo,TGO,http://open.undp.org/projects/00117913,['UNITED NATIONS DEVELOPMENT PRO'],Non-VF,3,,3697.4999999999995,0.0,Il s’agit de la promotion du développement Local basé sur l’appropriation par les populations rurales des bonnes pratiques de gestion de l’environnement à travers la promotion des écovillages,[13],"['Others', 'Close the energy gap']"
4,134793.0,Accès aux énergies renouvelables en milieu rural au Togo,1431552.0,Togo,TGO,http://open.undp.org/projects/00134793,['UNITED NATIONS DEVELOPMENT PRO'],Non-VF,3,,6524.999999999999,0.0,Accélération de l’accès aux énergies renouvelables pour l’autonomisation économique des populations en milieu rurale au Togo,[7],['Close the energy gap']
6,1002293.0,Projet de développement des terroirs villageois sobres en carbone et résilients aux changements climatiques,,Togo,TGO,http://open.undp.org/projects/01002293,UNDP,Non-VF,1,,350.0,0.0,,,
7,91204.0,Apoyo a la Modernización de La Gestión Ambiental,4202031.0,Panama,PAN,https://open.undp.org/projects/00082182,"UNDP (TRAC 4000) CLIMATE PROMISE (28708) - NDC Partnership (PAF)
Aes Panamá S.R.L
Federal Ministry For The Environment, Nature Conservation And Nuclear Safety
Pan-Government",Non-VF,1,,0.0,0.0,,,
8,133871.0,Beyond Recovery COVID19 Energy,473000.0,Panama,PAN,"https://www.undp.org/es/panama/noticias/dos-aguas-y-un-proyecto-de-energia-solar-para-alcanzar-energia-sostenible

https://open.undp.org/projects/00133871",['UNITED NATIONS DEVELOPMENT PRO'],Non-VF,2,,17500.0,0.0,"Acceso universal, a través de la implementación de una micro red para uso productivo en una comunidad de la Cuenca del Canal, promoviendo así nuevos modelos de electrificación rural en zonas aisladas.","[1, 5, 9]",['Promote nature-based solutions for a sustainable planet']
10,6613,Africa Mini-grids Program,1363947.0,Zambia,ZMB,https://co.pims.undp.org/project/view?id=6613,GEF,VF,3,,12811.0,13780.0,,,
11,missing-ZMB-1,Solar For health,,Zambia,ZMB,,,Non-VF,2,,810000.0,0.0,,,
12,missing-ZMB-2,Greening UNDP Office,222653.39,Zambia,ZMB,,"UNDP, UNICEF, UNFPA, UNCDF, RCO, UNDSS, UNCTAD, DCO.",Non-VF,1,,2625.0,0.0,,,
13,126170.0,Access to Clean and Renewable Energy,3379000.0,Malawi,MWI,http://open.undp.org/projects/00126170,['UNITED NATIONS DEVELOPMENT PRO'],Non-VF,6,,258131.0,0.0,"The goal of the ACRE Project is to increase access to clean, affordable, reliable, and modern energy by enhancing the sustainability, efficiency and cost-effectiveness of energy technologies","[13, 7]",['Close the energy gap']
16,6512.0,GEF Africa Minigrids Program,396125.0,Malawi,MWI,PIMS+,GEF,VF,3,,763.0,1068.0,,,
17,5728,LED and high efficiency transformers in SA,5000000.0,South Africa,ZAF,https://co.pims.undp.org/project/view?id=5728,GEF,VF,2,,0.0,21100.0,,,
18,5256,South Africa Wind Energy Project (Phase II),3554250.0,South Africa,ZAF,PIMS+,Department of Energy. South Africa,VF,4,,105730.0,70378.0,,,
19,missing-ZAF-1,Just Energy Transition Platform,273333.0,South Africa,ZAF,,UNDP LVGA,Non-VF,1,,0.0,0.0,,,
20,missing-ZAF-2,Just Inclusive Energy Transition ,1000000.0,South Africa,ZAF,,Japan,Non-VF,10,,275.52,0.0,,,
21,5669.0,IMPRESS,6075828.0,Samoa,WSM,https://co.pims.undp.org/project/view?id=5669,GEF,VF,5,,108504.0,0.0,,,
22,1000418.0,CAP-IT,15175755.0,Samoa,WSM,https://www.undp.org/samoa/projects/cap-it-project,Government of Japan,Non-VF,5,,200076.0,0.0,,,
23,6037.0,AREAN,3321563.0,Niue,NIU,"PIMS+
https://www.thegef.org/projects-operations/projects/9752",GEF,VF,5,,12620.0,0.0,,,
24,120029.0,Sustainable Energy Programme,15436128.0,Lebanon,LBN,http://open.undp.org/projects/00120029,"['Aver, Inc. S.A.L', 'Beesline International SAL', 'Biomass S. A. L.', 'ELCIR S.A.L', 'EUROPEAN COMMISSION', 'KREDITANSTALT FUR WIEDERAUFBAU', 'MINISTRY OF FOREIGN AFFAIRS, NORWAY', 'Petco s.a.l', 'Roky Plast SAL', 'UNITED NATIONS DEVELOPMENT PRO']",Non-VF,2,,0.0,0.0,Implementation of renewable energy and energy efficiency initiatives and establishing an enabling environment for entrepreneurship in renewables.,"[13, 7, 9]",['Close the energy gap']
28,6468.0,Lebanon Sustainable Low-emission Transport Systems,3552968.0,Lebanon,LBN,"https://co.pims.undp.org/project-attachment/index?projectId=6468 
https://www.thegef.org/projects-operations/projects/10358 ",GEF,VF,1,,1417000.0,0.0,,,
29,1001708.0,Improving energy security and promoting the transition to sustainable energy in Lebanon,24321900.0,Lebanon,LBN,https://undp.lightning.force.com/lightning/r/Project__c/a386N000005LkApQAK/view,KfW,Non-VF,1,,8550.0,0.0,,,
30,1001256.0,EU Support to Lebanon's Green Agenda - Sustainable Energy,20293291.0,Lebanon,LBN,https://undp.lightning.force.com/lightning/r/Project__c/a386N000005LZYGQA4/view,EU,Non-VF,1,,4900.0,0.0,,,
31,143571.0,BRA/22/007 Desenvolvimento Sul do Piaui,1733569.0,Brazil,BRA,https://open.undp.org/projects/00143571,,Non-VF,4,,5548.05,0.0,,,
32,6403.0,Electric Mobility Jamaica,1784862.0,Jamaica,JAM,PIMS+,GEF,VF,6,,25175.0,76.2,,,
33,6163,AIM-WELL: Algeria Integrated Management of Waste Energy at the Local Level,4416210.0,Algeria,DZA,PIMS+,GEF,VF,1,,35000.0,0.0,,,
34,145179,Support to Algeria energy transition,400000.0,Algeria,DZA,https://open.undp.org/projects/00145179,UNDP,Non-VF,1,,0.0,0.0,,,
35,missing-DZA-1,Italy UNDP Energy Partnership-Algeria,120000.0,Algeria,DZA,https://www.undp.org/romecentre/undp-italy-energy-partnership,Government of Italy ,Non-VF,1,,0.0,0.0,,,
36,106770.0,Enhanced Rural Resilience in Yemen II,24261743.0,Yemen,YEM,http://open.undp.org/projects/00106770,"['Generic foundation donor code', 'MPTF-Supporting Resilient Livelihoods and Food Security in Yemen JP (ERRY II )', 'UNITED NATIONS DEVELOPMENT PRO']",Non-VF,8,,151452.8,0.0,"The Supporting Resilient Livelihoods and Food Security in Yemen Joint Programme (ERRY II), aims to contribute to reduce vulnerability and strengthen resilience of crisis-affected communities.","[1, 16, 7]","['Keeping people out of poverty', 'Strengthen effective, inclusive and accountable governance', 'Close the energy gap']"
40,135714.0,"Supporting Resilient Livelihoods, Food Security and Clim",2727783.0,Yemen,YEM,http://open.undp.org/projects/00135714,"['Generic foundation donor code', 'MPTFO-JP Yemen ERRY III', 'UNITED NATIONS DEVELOPMENT PRO']",Non-VF,5,,212834.0,0.0,"Supporting Resilient Livelihoods, Food Security and Climate Adaptations in Yemen (ERRY III)","[1, 7]","['Keeping people out of poverty', 'Close the energy gap']"
41,137393.0,Renewable Energy Improved Access to Health Services,463769.0,Yemen,YEM,http://open.undp.org/projects/00137393,['Kuwait Fund for Arab Economic Development'],Non-VF,4,,205000.0,0.0,Renewable Energy for Improved Health Services and Livelihood Opportunities in Yemen (HEAL),"[16, 7]","['Strengthen effective, inclusive and accountable governance', 'Close the energy gap']"
42,137462,Piloting e-mobility within Belize’s Public Transport Sys,5244326.91,Belize,BLZ,http://open.undp.org/projects/00137462,['EUROPEAN COMMISSION'],Non-VF,5,,1500.0,1300.0,The Project supports the implementation of Belize’s raised ambition Nationally Determined Contributions to the UNFCCC and associated Low Emission Development Strategy (LEDS).,"[13, 7]",['Others']
44,118209,Engender ,120000.0,Belize,BLZ,,"FCDO, GAC",Non-VF,1,,200.0,0.0,,,
45,missing-countryCode-1,Photovoltaics in Punta Negra- Accessing Low Carbon Energy.,50000.0,Belize,BLZ,https://sgp.undp.org/spacial-itemid-projects-landing-page/spacial-itemid-project-search-results/spacial-itemid-project-detailpage.html?view=projectdetail&id=32597,GF,VF,4,,281.25,0.0,,,
46,4018.0,"Policy
Reforms and Market Transformation of the Energy Efficient Buildings Sector
of the I.R. Iran (EEEB)",4000000.0,Iran,IRN,https://open.undp.org/projects/00063735,GEF,VF,5,,32812.5,146167.0,,,
47,126602.0,(Agrovoltaics)Project for Developing Wetlands Conservation System in Lake Urmia and Other Wetlands Basin Communities,508296.0,Iran,IRN,"https://open.undp.org/projects/00128285
UNDP Transparency Portal
 ",Government of Japan,non-VF,2,,4445.0,2133.0,,,
48,133343.0,Water Stress in Chabahar,1770000.0,Iran,IRN,https://open.undp.org/projects/00146138,Government of Japan,non-VF,5,,100350.0,0.0,,,
49,132166.0,Tiendas Comunitarias - La Guajira,14780.0,Colombia,COL,"https://www.undp.org/es/colombia/news/en-la-guajira-mujeres-rurales-lideran-tiendas-comunitarias-para-su-empoderamiento-econ%C3%B3mico
https://www.youtube.com/watch?v=6vtlQRzqaUw
https://open.undp.org/projects/00132166",,Non-VF,1,,0.0,0.0,,,
50,123292.0,Tiendas Comunitarias - Chocó,9217.0,Colombia,COL,"https://pnudcolombia.exposure.co/juntas-y-poderosas

https://www.youtube.com/watch?v=h6buc3MubaY

https://open.undp.org/projects/00123292","Donor 00012: UNDP's Rapid Response Facility (RRF2) program https://www.undp.org/press-releases/covid-19-30-million-rapid-response-facility-launched-vulnerable-countries

Donor 00012: CO UNDP Funding
https://www.undp.org/es/colombia",Non-VF,1,,56.0,0.0,,,
51,98331.0,"
Implement collective reparation measures in 7 ethnic communities and one non-ethnic community in photovoltaic power lines and definition of sustainability strategy",3627.0,Colombia,COL,https://open.undp.org/projects/00098331,"Donor 12641: The United Nations Multi-Partner Trust Fund for Sustaining Peace in Colombia / (Previously Known As Mptf-Colombia Post-Conflict Unmptf)
https://mptf.undp.org/

Donor 00012: CO UNDP Funding
https://www.undp.org/es/colombia",Non-VF,2,,16571.0,0.0,,,
52,6469.0,Comoros national child project - Africa Minigrids Program (AMP),1269863.0,Comoros,COM,https://co.pims.undp.org/project/view?id=6469,GEF/PNUD,VF,4,,10899.5,0.0,,,
53,5484.0,Comoros Geothermal,5905662.0,Comoros,COM,https://co.pims.undp.org/project/view?id=5484,GEF /PNUD,VF,3,,175000.0,0.0,,,
54,5740.0,Assurer un approvisionnement en eau résilient aux changement climatique aux comores ER2C ,20345141.0,Comoros,COM,Pims +,GCF /PNUD,VF,1,,35529.0,0.0,,,
55,1001412.0,Électrification et Croissance en Union des Comores,2000000.0,Comoros,COM,,USAID/ PNUD,Non-VF,2,,12930.0,0.0,,,
56,142807.0,Energy Efficiency in Barda and Ganja,885772.0,Azerbaijan,AZE,http://open.undp.org/projects/00142807,"['GOVERNMENT OF JAPAN', 'UNITED NATIONS DEVELOPMENT PRO']",Non-VF,2,,120.0,0.0,Centralized heating system and other energy efficiency measures will be applied to one school and one multi-store residential building in Barda and advocacy and awareness-raising activities will be conducted in Barda and in Ganja.,[7],['Close the energy gap']
57,6479.0,Energy Efficiency in Buildings – EMIS and Green Social Housing,4521005.0,Azerbaijan,AZE,https://co.pims.undp.org/project/view?id=6479,GEF,VF,1,,0.0,0.0,,,
58,5492 / 00101330,Moldova Green Cities,127500.0,Moldova Republic,MDA,https://www.undp.org/moldova/projects/moldova-sustainable-green-cities,"GEF, UNDP",Non-VF,7,,13610.0,0.0,,,
59,130906,Addressing the impacts of the energy crisis in the Republic of Moldova: Initiating solutions toward energy security and energy poverty,649000.0,Moldova Republic,MDA,https://www.undp.org/moldova/projects/addressing-impacts-energy-crisis-republic-moldova,European Union $13.5M,Non-VF,5,,0.0,0.0,,,
60,1000378,"Multidimensional response to emerging human security challenges - ""Biomass revitalization""",2298111.0,Moldova Republic,MDA,https://www.undp.org/moldova/projects/multidimensional-response-emerging-human-security-challenges-moldova,"Japan $ 2,2  (2023)
",Non-VF,1,,20000.0,0.0,,,
61,133573,Emergency support for agri-producers /energy technologies ,4150139.0,Moldova Republic,MDA,https://www.undp.org/moldova/projects/emergency-support-agri-producers-context-socio-economic-climate-and-energy-crisis,"Austria (ADA) $ 455,455.53 (2024)
Switzerland (SDC)$ 986,845.96 (2024)",Non-VF,1,,0.0,0.0,,,
62,1001727,"Greening the future, advancing rights and stability: spurring an inclusive and green transition with responsive governance in the eastern neighbourhood region (Molodva)",4268266.0,Moldova Republic,MDA,https://www.undp.org/moldova/projects/greening-future-advancing-rights-and-stability-spurring-inclusive-and-green-transition-responsive-governance-eastern-neighbourhood,"Denmark: 2024	= $1,217,005, 2025 = $1,887,018, 2026 = $910,065, 2027 = $254,178",Non-VF,1,,0.0,0.0,,,
63,1000952,Accelerating a Just Transition in the Republic of Moldova Programme,20675141.0,Moldova Republic,MDA,https://www.undp.org/moldova/projects/accelerating-just-transition-republic-moldova-programme,"Italy: 2024 = $7,813,710, 2025 = $3,151,201

Sweden: 2024 = $9,560,229.01",Non-VF,1,,0.0,0.0,,,
64,1002849,"Resilient Communities through Women Empowerment, phase II",8461359.0,Moldova Republic,MDA,https://www.undp.org/moldova/projects/resilient-communities-through-women-empowerment-phase-2,"Sweden: 2024 = $182,338.04, 2025 = $1,689,690.26, 2026 = $1,686,532.06, 2027 = $1,137,162.54, 2028 = $299,093.38

Norway: 2024 = $592,708.17, 2025 = $1,063,419.99, 2026 = $747,128,23	 ",Non-VF,1,,0.0,0.0,,,
65,1001335,Enabling an Inclusive Green Transition in the Republic of Moldova,7894000.0,Moldova Republic,MDA,https://open.undp.org/projects/01001335,,Non-VF,2,,0.0,0.0,,,
66,4685.0,Congo Micro-hydroelectricity,1944133.0,Congo,COG,https://co.pims.undp.org/project/view?id=4685,GEF,VF,2,,45000.0,0.0,,,
67,5543.0,A systemic approach for GHG emission,2640000.0,Jordan,JOR,PIMS+,GEF,VF,4,,153000.0,1602.0,,,
68,139584.0,Scaling Up Sustainable Cooling in the Middle East (Cool Up),785000.0,Jordan,JOR,,,Non-VF,1,,0.0,0.0,,,
69,114336.0,Mejor calidad de vida en El Seibo,650039.0,Dominican Republic,DOM,http://open.undp.org/projects/00114336,['GOVERNMENT OF DOMINICAN REPUBLIC'],Non-VF,4,,587.1,0.0,"El proyecto procura mejorar la calidad de vida de la población de El Seibo, a través de iniciativas puntuales en las comunidades con mayor grado de carencias, que permitan a su vez, servir de piloto para futuras intervenciones.",[7],['Keeping people out of poverty']
74,10414.0,GEF SGP 7th Operational Phase – Core (Part 2),20919834.0,Dominican Republic,DOM,https://www.thegef.org/projects-operations/projects/10414,GEF,Non-VF,6,,80310.0,0.0,,,
75,120430.0,Natural Resoure Management,2200000.0,Sierra Leone,SLE,https://estm.fa.em2.oraclecloud.com/fscmUI/faces/FuseWelcome?_adf.ctrl-state=g7nug1kw3_1300&fnd=%3B%3B%3B%3Bfalse%3B256%3B%3B%3B&_afrLoop=7211426784636750,Global Fund,Non-VF,2,,0.0,0.0,,,
76,132037.0,"Shine Salone: Illuminating lives, Igniting futures",427152.0,Sierra Leone,SLE,https://estm.fa.em2.oraclecloud.com/fscmUI/faces/FuseWelcome?_adf.ctrl-state=g7nug1kw3_5,Trac 2 Funds,Non-VF,4,,0.0,0.0,,,
77,122410,Technical and Advisory Support to Electricty sector,7939225.0,Saudi Arabia,SAU,http://open.undp.org/projects/00122410,['GOVERNMENT OF SAUDI ARABIA'],Non-VF,1,,0.0,0.0,The electricity sector in the Kingdom of Saudi Arabia is witnessing a major transformation with a number of ongoing initiatives which aims to increase efficiency of the sector,"[12, 7]",['Enhance national prevention and recovery capacities for resilient societies']
81,127688.0,"ONU/21/001 Innovative Finance for Clean Tech Solutions in Uruguay´s Renewable Energy Sector: The Renewable Energy Innovation Fund (REIF)
",804250.0,Uruguay,URY,https://open.undp.org/projects/00137005,Joint SDG Fund,Non-VF,5,"The program seeks to decarbonize the industrial and transportation sectors, promote universal access to renewable energy sources, and increase innovation and competitiveness in the energy sector by reducing energy costs and increasing the participation of women in the clean energy economy.",1005000.0,24658.0,,,
82,101784.0,URU/17/G32 MOVÉS: Towards a sustainable and efficient urban mobility system in Uruguay,1720933.0,Uruguay,URY,https://www.undp.org/es/uruguay/proyectos/moves-hacia-un-sistema-de-movilidad-urbana-sostenible-y-eficiente-en-uruguay,Global Environment Fund Truste,VF,6,"The project aimed to empower relevant stakeholders in the urban transport sector to carry out a strategic transition to low-carbon passenger and freight mobility. It tested the effectiveness of a set of innovative policies and measures and launched a reform process to establish an enabling environment for urban transport policy innovation. It also facilitated the reform of the framework of urban transport regulations and incentives, focusing on public transport quality, the promotion of non-motorized transport modes, the adoption of electric vehicles in the public transport and urban distribution services sectors, cooperation between authorities, relevant stakeholders, and GHG emission control systems.",130.0,5816.0,,,
83,113203.0,NNWWTP PV Power Plant ,1600000.0,Cyprus,CYP,,,Non-VF,4,,23065.0,0.0,,,
84,129076,Project to support the energy transition in the context of the implementation of the NDC ,250000.0,Senegal,SEN,,,Non-VF,1,,0.0,0.0,,,
85,122455,Off-grid Renewable Energy Solutions in Rural Suriname,753663.0,Suriname,SUR,https://open.undp.org/projects/00122455,,Non-VF,1,,19250.0,0.0,,,
86,112081.0,NAMA-Investing in Solar PV,982678.0,Gambia,GMB,http://open.undp.org/projects/00112081,"['Deutsche Gesellschaft fÃ¼r Internationale Zusammenarbeit', 'UNITED NATIONS DEVELOPMENT PRO']",Non-VF,1,,145000.0,0.0,Project focusing in grid connected renewable energy solutions for rural Gambia,[7],['Close the energy gap']
89,109904.0,Sare Demba Toro,678110.0,Gambia,GMB,https://open.undp.org/projects/00109904,,Non-VF,4,,4775.5,0.0,,,
90,143659.0,"Nature, Climate, Energy, and Resilience Programme",1980000.0,Uganda,UGA,http://open.undp.org/projects/00143659,['UNITED NATIONS DEVELOPMENT PRO'],Non-VF,5,,2501799.0,0.0,"NCER will ensure (i) implementation of nature-based solutions; (ii) equitable access to & use of affordable clean/renewable energy; (iii) concrete climate adaptation actions; (iv) capacity to manage disaster risk, (v) better use of nature conservation",[],['Others']
91,5574.0,NAMA Integrated Wastewater Treatment,2170030.0,Uganda,UGA,https://co.pims.undp.org/project/view?id=5574,,VF,3,,200.0,0.0,,,
92,5711.0,"Building Resilient Communities, Wetland Ecosystems and Associated Catchments in Uganda",,Uganda,UGA,,,,1,,0.0,0.0,,,
93,122398.0,Seventh Operational Phase of the GEF Small Grants Programme in Mexico,50000.0,Mexico,MEX,https://open.undp.org/projects/00128385,,Non-VF,9,,299.0,0.0,,,
94,5299.0,Production of bio methane,2632300.0,Botswana,BWA,https://co.pims.undp.org/project/view?id=5299,GEF,VF,3,,52500.0,0.0,,,
95,1137180.0,Biogas National Roll Out Project,1535908.0,Botswana,BWA,,,Non-VF,4,,0.0,0.0,,,
96,5831,Low Carbon Technologies and Green Development,1750172.0,Guyana,GUY,https://co.pims.undp.org/project/view?id=5831,GEF,VF,1,,10000.0,0.0,,,
97,116770.0,"Biogas, Biomass and Solar Trilateral Cooperation (Transitioning to Sustainable Energy Uses in the Agro-Industry)",-1.0,Ethiopia,ETH,http://open.undp.org/projects/00120660,"(1) MOFCOM: 1,000,000
(2) Co-financing: 1,042,396",VF,8,,0.0,0.0,,,
98,93964.0,Promoting Sustainable Rural Energy Technologies (RETs) for Household and Productive Uses,73137680.0,Ethiopia,ETH,PIMS+ https://co.pims.undp.org/project/view?id=5200,"
(1) GEF: 4,480,500.00
(2) Co-financing: 69,045,899",VF,10,,3784000.0000000005,0.0,,,
99,127444.0,National Child Project under the Africa Minigrids Program - Ethiopia,-1.0,Ethiopia,ETH,PIMS+ https://co.pims.undp.org/project/view?id=6338,"(1) GEF: 2,890,826
(2) Co-financing: 13,773,751",VF,13,,42545.0,0.0,,,
100,1000459.0,Accelerating Gender Equality and Women Empowerment through Clean Energy Investment,136000.0,Ethiopia,ETH,," UNDP Headquaters:136,000",Non-VF,7,,0.0,0.0,,,
101,1001707.0,Climate Promise 2- Improving Access to Clean Cooking Energy Sources,270000.0,Ethiopia,ETH,,"UNDP: 270,000",Non-VF,4,,0.0,0.0,,,
102,"6161, 106273",Emissions Trading and MRV in Belarus,840000.0,Belarus,BLR,https://co.pims.undp.org/project/view?id=6161,GEF,VF,2,,136600.0,0.0,,,
103,79213,Bahrain Unit for Sustainable Energy,7254715.0,Bahrain,BHR,http://open.undp.org/projects/00079213,"['GOVERNMENT OF BAHRAIN', 'Office of Minister of Energy']",Non-VF,1,,0.0,0.0,Establishment of Centre for Sustainable Energy in Bahrain in partnership with the Ministry of Energy. The Unit will be responsible for establishing strategies and policies and legislations.,"[1, 11, 7, 9]",['Close the energy gap']
111,117173.0,Renewable Energy for Rural Livelihood,2400000.0,Nepal,NPL,"https://www.aepc.gov.np/rerl/public/
https://www.undp.org/nepal/projects/rerl
https://www.undp.org/nepal/projects/reras","ADB, UNDP",Non-VF,6,,143279.0,0.0,,,
112,106668.0,Support to increased production of and access to renewable energy systems in East and West Sepik Provinces (STREIT),3954035.0,Papua New Guinea,PNG,https://open.undp.org/projects/00106668,['FOOD AND AGRICULTURE ORGANIZATION OF THE UNITED NATIONS'],Non-VF,5,,43000.0,0.0,Support to increased production of and access to renewable energy systems in East and West Sepik Provinces.,[16],"['Strengthen effective, inclusive and accountable governance']"
116,100396.0,Enhancing Green Transformation in the Pacific towards Net-Zero Emissions and Climate-Resilient Development for Peace ,3726000.0,Papua New Guinea,PNG,,Japan,Non-VF,1,,17500.0,0.0,,,
117,UNDP-MDG-00132364,Africa mini grids projects,824590.0,Madagascar,MDG,,,Non-VF,6,,150825.0,0.0,,,
118,141254,Résilience & Dvpt Territorial 'UNDP-MDG-00129975 & UNDP-MDG-00129976,2286000.0,Madagascar,MDG,https://open.undp.org/projects/00141254,,Non-VF,4,,29860.5,0.0,,,
119,129782,Financement Intégré Energies R  (UNDP-MDG-00123355),8748560.0,Madagascar,MDG,https://open.undp.org/projects/00129782,['MPTFO - Joint SDG Fund (previously known as The Joint Fund for the 2030 Agenda)'],Non-VF,4,,80000.0,0.0,Transforming the financial system to support the development of sustainable energy solutions,[7],['Others']
122,missing-VEN-1,"Ensuring access to affordable, secure, sustainable and modern energy for all (SDG 7)",1400000000.0,Venezuela,VEN,Not yet available,Venezuela ? ,Non-VF,1,,0.0,0.0,,,
123,91460,Sustainable Energy For ALL,720000.0,Lesotho,LSO,5367 Lesotho Sustainable Energy for All (undp.org),,Non-VF,7,,70206.2,0.0,,,
124,missing-LSO-1,UNDP Moonshot: Greening the UN House,57000.0,Lesotho,LSO,,,Non-VF,1,,1032.5,0.0,,,
125,132730,"Climate Adaptation, Water and Energy Programme",14251782.0,Zimbabwe,ZWE,,FCDO,Non-VF,1,,21499.0,0.0,,,
126,132179,TRAC  2 Energy Offer project ,1500000.0,Zimbabwe,ZWE,,TRAC 2,Non-VF,4,,8275.0,0.0,,,
127,133752,Joint SDG Fund Project ,45000000.0,Zimbabwe,ZWE,,Joint SDG Fund,Non-VF,1,,840000.0,0.0,,,
128,missing-ZWE-1,Solar for Health (S4H),21312267.61,Zimbabwe,ZWE,,Global Fund (Next phase will be funded by GCF),Non-VF,1,,1042956.0,0.0,,,
129,146913.0,Fortalecimiento institucional CENACE,200000.0,Ecuador,ECU,https://open.undp.org/projects/00146913,['Operador Nacional de Electricidad - CENACE'],Non-VF,1,,0.0,0.0,Fortalecimiento Institucional CENACE,[7],['Promote nature-based solutions for a sustainable planet']
130,110105.0,Fortalecimiento a la gestión ambiental: Estrategia de Electromovilidad de la Empresa Eléctrica Quito (EEQ),439879.0,Ecuador,ECU,https://open.undp.org/projects/00110105,Government,Non-VF,3,,0.0,0.0,,,
131,127866.0,Green Recovery,15000.0,Ecuador,ECU,https://open.undp.org/projects/00137302,"Climate Promise, BMZ",Non-VF,1,,0.0,0.0,,,
132,1002264.0,ACCESS: Accelerating Access to Low Carbon Urban Mobility Solutions through Digitalization,164409.53,Ecuador,ECU,https://open.undp.org/projects/01002264,,,9,,0.0,0.0,,,
133,6411,Sustainable Cities Impact Program - Morocco,9416167.0,Morocco,MAR,https://co.pims.undp.org/project/view?id=6411,GEF,VF,1,,928850.0,0.0,,,
134,5284,PV pumping systems for irrigation,2639726.0,Morocco,MAR,https://co.pims.undp.org/project/view?id=5284,GEF,VF,1,,17175.0,0.0,,,
135,6542.0,PASBET,3439041.0,Pakistan,PAK,PIMS+,GEF,VF,8,,361880.0,0.0,,,
136,134230.0,Climate Promise-II ,540000.0,Pakistan,PAK,,Climate Promise ,Non-VF,4,,0.0,0.0,,,
137,124739.0,SIDA UNDP Strategic Collaboration on Env and CC,36443657.0,Bureau Policy & Prog Support,NA,http://open.undp.org/projects/00124739,SIDA,Non-VF,1,,4465908.0,0.0,,,
138,139866.0,Programme Initiation plan energy hub,1174548.0,Bureau Policy & Prog Support,NA,http://open.undp.org/projects/00139866,,Non-VF,2,,0.0,0.0,,,
139,111467.0,Linking the Kigali Amendment with EE in the RAC Sector,11205031.0,Bureau Policy & Prog Support,NA,http://open.undp.org/projects/00111467,"Climateworks Foundation, Montreal Protocol, New Zealand, Canada, GIZ",Non-VF,1,,0.0,0.0,,,
140,130309,Implementación NDC Honduras,100000.0,Honduras,HND,https://open.undp.org/projects/00141844,,Non-VF,1,,0.0,0.0,,,
141,90074.0,GCS intervention on environment (Biomass),869916.0,Sri Lanka,LKA,http://open.undp.org/projects/00090074,"['GOVERNMENT OF SRI LANKA', 'PRIVATE SECTOR', 'UNITED NATIONS DEVELOPMENT PRO']",Non-VF,1,,0.0,0.0,Promote sustainable biomass energy production and modern bio-energy technologies for industries and institutions,"[7, 9]",['Close the energy gap']
146,119366.0,Transitioning to sustainable energy uses for the agro-in,1007201.0,Sri Lanka,LKA,http://open.undp.org/projects/00119366,"['MINISTRY OF COMMERCE, CHINA']",Non-VF,3,,0.0,0.0,Transitioning to Sustainable Energy Uses in the Agro-Industry to enhance energy savings and reduce Green House Gas emission.,"[7, 9]",['Close the energy gap']
150,134410.0,MP Projects Sri Lanka,261353.0,Sri Lanka,LKA,http://open.undp.org/projects/00134410,['MONTREAL PROTOCOL'],Non-VF,3,,0.0,0.0,HCFC Phase-out Management Plan Stage II and Institutional Strengthening Phase XIII,"[12, 13]","['Enhance national prevention and recovery capacities for resilient societies', 'Close the energy gap']"
151,142290.0,Climate Promise: From Pledge to Impact,324000.0,Sri Lanka,LKA,http://open.undp.org/projects/00142290,['SWEDISH INTERNATIONAL DEVELOPMENT COOPERATION (SIDA)'],Non-VF,3,,0.0,0.0,Establish and strengthen mechanisms to access and support enhanced climate resilience in the country.,"[7, 9]",['Close the energy gap']
152,145829.0,Mainstreaming E-Mobility Through the Conversion of Tuk-T,1151772.0,Sri Lanka,LKA,http://open.undp.org/projects/00145829,"['Korean Environmental Industry & Technology Institute', 'UNDP Funding Windows', 'UNITED NATIONS DEVELOPMENT PRO']",Non-VF,2,,11500.0,0.0,Mainstreaming E-Mobility Through the Conversion of Tuk-Tuks to Electric Vehicles (EVs),"[7, 9]",['Close the energy gap']
153,100344.0,Enhancing Food and Energy Security through the promotion of Green Technologies,996991.0,Sri Lanka,LKA,https://open.undp.org/projects/00100344,Japan,Non-VF,3,,49730.0,0.0,,,
154,144399.0,Citizen and Private Sector Support for Crisis Relief,43615.0,Sri Lanka,LKA,https://open.undp.org/projects/00144399,"Japan, Thailand, Private Sector, Citi Foundation",Non-VF,1,,32.0,0.0,,,
155,1000353.0,Strengthening Smallholder Farmers and Micro/Home-Based Agriculture industries for Enhanced Food & Livelihood Security,24533.0,Sri Lanka,LKA,https://open.undp.org/projects/00100353 ,Japan,Non-VF,1,,18.0,0.0,,,
156,106888,Promotion des Petites Centrales Hydroélectriques/Projet de « Promotion des systèmes solaires autonomes en faveur des femmes en milieu rural en République Centrafricaine »,1500000.0,Central African Republic,CAF,https://open.undp.org/projects/00105867,UNDP,Non-VF,1,,190.0,0.0,,,
157,5680,Small hydropower based mini-grids,2645000.0,Central African Republic,CAF,https://co.pims.undp.org/project/view?id=5680,UNDP/GEF,VF,1,,420000.0,0.0,,,
158,142609.0,Market Transformation for solar energy PV acceleration,867505.0,Albania,ALB,https://www.undp.org/albania/projects/market-transformation-solar-energy-pv-acceleration,"['GOVERNMENT OF GERMANY', 'GOVERNMENT OF JAPAN']",Non-VF,3,,2124.0,0.0,Market transformation for solar energy PV acceleration in Albania,"[15, 7]",['Others']
159,132984.0,Croatia Education Recovery Support (Albania),1194743.13,Albania,ALB,https://open.undp.org/projects/00132984,Government of Croatia,Non-VF,1,,170.0,0.0,,,
160,129778.0,Community Infrastructure Support (Albania),2611239.0,Albania,ALB,https://open.undp.org/projects/00129778,Government Of Albania; MPTF-SDGs Acceleration Fund for Albania with financing of the Government of Denmark and United Kingdom,Non-VF,1,,906.0,0.0,,,
161,126861.0,EU4Schools Phase I (Albania),16955148.23,Albania,ALB,https://open.undp.org/projects/00126861,European Commision,Non-VF,1,,1429.0,0.0,,,
162,129706.0,EU4Schools Phase II (Albania),67752565.21,Albania,ALB,https://open.undp.org/projects/00129706,European Commision,Non-VF,2,,4313.0,0.0,,,
163,115727,Upper Nile University,124570.12,South Sudan,SSD,,Japan,Non-VF,1,,1500.0,0.0,,,
164,"00080877, 00097821, 00080982, 00109097",UNDP Country Office ,518743.75,South Sudan,SSD,,UNDP,Non-VF,1,,3500.0,0.0,,,
165,93664,State Revenue Authority (SRA),246584.79,South Sudan,SSD,,UNDP,Non-VF,1,,100.0,0.0,,,
166,104022,Police Office Training Facility,186391.71,South Sudan,SSD,,UNDP,Non-VF,2,,6200.0,0.0,,,
167,101178,Ministry of Local Government and Law Enforcement ,149770.73,South Sudan,SSD,,UNDP,Non-VF,1,,25.0,0.0,,,
168,"00104634, 00104636","Disarmament, Demobilization and Reintegration (DDR)",118418.0,South Sudan,SSD,,UNDP,Non-VF,1,,60.0,0.0,,,
169,125900, Global Fund Project - Solar for Health,6268828.8,South Sudan,SSD,,UNDP,Non-VF,1,,2080000.0,0.0,,,
170,95405.0,EE in Public Buildings,5480000.0,Ukraine,UKR,https://www.undp.org/ukraine/projects/removing-barriers-increase-investment-energy-efficiency-public-buildings-ukraine-through-esco-modality-small-and-medium-sized,GEF,VF,1,,0.0,0.0,,,
171,1000157.0,Promotion of Human Security ,40000000.0,Ukraine,UKR,https://www.undp.org/ukraine/press-releases/undp-and-japan-deliver-high-power-autotransformers-ukraine-ensure-unbroken-energy-supplies-over-half-million-people,Japan,Non-VF,3,,4000000.0,0.0,,,
172,134106.0,Winterization/Green Energy Recovery Programme,64600000.0,Ukraine,UKR,"https://www.undp.org/ukraine/projects/green-energy-recovery-programme-ukraine

https://www.undp.org/ukraine/press-releases/gas-piston-cogeneration-units-delivered-odesa-undp-cover-45-citys-energy-needs-water-heating-and-sewage-services 
",Japan,Non-VF,12,,5831755.0,0.0,,,
173,1003605.0,Crisis response for securing reliable energy access in Ukraine (FPI Energy),7013409.812000001,Ukraine,UKR,,EU,Non-VF,4,,1301000.0,0.0,,,
174,142763.0,PDL-145 Territoires,619829499.0,Dem. Rep. of the Congo,COD,https://open.undp.org/projects/00142763,"['GOVERNMENT OF DEMOCRATIC REPUBLIC OF THE', 'UNITED NATIONS DEVELOPMENT PRO']",Non-VF,4,,19246760.0,0.0,"Le Programme de développement local des 145 Territoires vise à contribuer à l’amélioration significativement des conditions de vie des populations, principalement rurales.",[7],['Close the energy gap']
175,127148.0,Projet Green Energy post COVID 19 : “Accès à l’énergie verte pour atténuer les impacts de la COVID-19,900000.0,Dem. Rep. of the Congo,COD,https://www.dropbox.com/scl/fi/l3y63sswt3thpkl4jf7j0/Prodoc-en-francais_Pour-Signature_DK.docx?rlkey=5c6x4qy6za2w8qvn7ct62q3w1&dl=0,PNUD,VF,6,,12570.5,0.0,,,
176,4690.0,Congo Kinshasa Microhydro,3187669.0,Dem. Rep. of the Congo,COD,PIMS+,GEF,VF,3,,-350000.0,0.0,,,
177,101442.0,Programme de Consommation Durable et Substitution partielle au bois énergie (Programme Energie-Fonaredd),15000000.0,Dem. Rep. of the Congo,COD,https://open.undp.org/projects/00101442,"['CAFI National Investment Programme Framework', 'MPTF- Cntrl African Forest Initiative fund (AFI00)', 'UNITED NATIONS DEVELOPMENT PRO']",Non-VF,3,,1750000.0,0.0,Ce programme contribue à la bonne gouvernance du programme REDD+ en Republique democratique du Congo,"[1, 13, 15, 2, 7, 9]","['Promote nature-based solutions for a sustainable planet', 'Close the energy gap']"
184,107168.0,Programme Environnement et Gest. Durable du Capital Nat,5628899.0,Guinea,GIN,http://open.undp.org/projects/00107168,UNDP,Non-VF,7,,11180.0,0.0,,,
185,107166.0,Gestion Intégrée des Ressources Naturelles,7460274.0,Guinea,GIN,https://open.undp.org/projects/00107166,"GEF
UNDP",VF,1,,5500.0,0.0,,,
186,135006,Libyan electricity & water sector stabilization support,655444.0,Libya,LBY,http://open.undp.org/projects/00135006,['MPTFO-Libyan Electricity Sector Stabilization and Transition Support (LESST) Joint Programme'],Non-VF,1,,0.0,0.0,"The project supports the stabilization, reform and transition of the national electricity sector. It focuses on supporting the state operated and owned utilities and ministries to maintain critical electricity and power related water supply services","[12, 16, 7]","['Strengthen effective, inclusive and accountable governance']"
188,92045.0,Hydrogen Economy Pilot Project,11659101.0,China,CHN,http://open.undp.org/projects/00092045,['GOVERNMENT OF CHINA'],Non-VF,3,,0.0,0.0,"This project aims to demonstrate the application of hydrogen production and technology in the field of manufacturing and consumer, and build the first “Hydrogen City” to demonstrate the hydrogen economy.","[13, 7, 9]",['Enhance national prevention and recovery capacities for resilient societies']
195,119001.0,UNDP-China Greater Bay Area Hydrogen Economy Vocational,7358188.0,China,CHN,http://open.undp.org/projects/00119001,['GOVERNMENT OF CHINA'],Non-VF,2,,0.0,0.0,"UNDP-China Greater Bay Area Hydrogen Economy Vocational College Project in Foshan, Guangdong Province","[16, 17, 7]","['Strengthen effective, inclusive and accountable governance']"
199,119439.0,Trilateral cooperation on Renewable Energy in Ethiopia,439401.0,China,CHN,http://open.undp.org/projects/00119439,"['MINISTRY OF COMMERCE, CHINA']",Non-VF,2,,0.0,40.0,Biogas and Solar Trilateral Cooperation - Transitioning to Sustainable Energy Uses in the Agro-Industry in China – Ethiopia.,"[13, 17, 7]",['Keeping people out of poverty']
203,6618.0,PhosChemEE,9343379.0,China,CHN,https://co.pims.undp.org/project/view?id=6618,GEF,VF,2,,1200000.0,35990000.0,,,
204,6431.0,EZCERTV,8932420.0,China,CHN,https://co.pims.undp.org/project/view?id=6431,GEF,VF,2,,918500.0,4079000.0,,,
205,5395.0,Public Sector Buildings EE (PSBEE),8932420.0,China,CHN,https://co.pims.undp.org/project/view?id=5395,GEF,VF,1,,0.0,55700.0,,,
206,144123.0,UNDP-NIO CLEAN PARK PROJECT,697979.0,China,CHN,https://open.undp.org/projects/00144123,,Non-VF,1,,0.0,0.0,,,
207,141744.0,JSB - Net Zero Emissions,1100000.0,Maldives,MDV,https://open.undp.org/projects/00141744,Gov. of Japan,Non-VF,3,,4215.0,0.0,,,
208,94293.0,GCF-Managing Climate Change Induced Water Shortages,23636364.0,Maldives,MDV,https://open.undp.org/projects/00094293,GCF,VF,3,,104995.0,0.0,,,
209,142132.0,Project For Developing Sustainable Agricultural Economy,2500000.0,Maldives,MDV,https://open.undp.org/projects/00142132,Gov. of Japan,Non-VF,18,,500.0,0.0,,,
210,119917,Promesa Climática – Del Compromiso al Impacto – Bolivia - ENERGIA,216000.0,Bolivia,BOL,,,Non-VF,2,,1400.0,0.0,,,
211,1000736,Promover la prevención de conflictos para la justicia ambiental en Bolivia - Sistema Paisaje Litio,500000.0,Bolivia,BOL,,,Non-VF,1,,0.0,0.0,,,
212,48025.0,Mainstreaming Green Environmental Development,29752153.0,Bosnia and Herzegovina,BIH,http://open.undp.org/projects/00048025,"['GOVERNMENT OF BOSNIA AND HERZEGOVINA', 'SWEDISH INTERNATIONAL DEVELOPMENT COOPERATION (SIDA)', 'The Sports-Cultural-Economic Center Mejdan', 'UNDP AS ADMINISTRATIVE AGENT FOR A JOINT PROGRAMME PASS THROUGH ARRANGEMENT', 'UNITED NATIONS DEVELOPMENT PRO']",Non-VF,2,,0.0,0.0,Enhancing BIH Environmental Policies planning by introducing and developing local environmental and energy action plans,"[11, 13, 4, 7]","['Others', 'Enhance national prevention and recovery capacities for resilient societies']"
223,105415.0,Green Economic Development Phase II,18383776.0,Bosnia and Herzegovina,BIH,http://open.undp.org/projects/00105415,"['GOVERNMENT OF BOSNIA AND HERZEGOVINA', 'Greenways', 'Regional Education and Information Center for Sustainable Development in South East Europe', 'SWEDISH INTERNATIONAL DEVELOPMENT COOPERATION (SIDA)']",Non-VF,1,,0.0,0.0,Green Economic Development Phase II: to create a favorable environment for investing in energy efficient infrastructure measures in BiH.,"[11, 13, 4, 7]",['Enhance national prevention and recovery capacities for resilient societies']
228,131266.0,Green Deal,614042.0,Bosnia and Herzegovina,BIH,http://open.undp.org/projects/00131266,['UNITED NATIONS DEVELOPMENT PRO'],Non-VF,2,,0.0,0.0,Localized “Green Deal” - Decarbonization of industry and residential sector in pilot areas.,"[11, 13, 7]",['Enhance national prevention and recovery capacities for resilient societies']
231,132013.0,Green Economic Development Project – III Phase,16726410.0,Bosnia and Herzegovina,BIH,http://open.undp.org/projects/00132013,"['GOVERNMENT OF BOSNIA AND HERZEGOVINA', 'Javno preduzeće „RAD“ dioničko društvo Tešanj', 'SWEDISH INTERNATIONAL DEVELOPMENT COOPERATION (SIDA)']",Non-VF,3,,30.0,0.0,Green Economic Development Project – III Phase- creation of favorable environment for investing in energy efficient infrastructure measures in BiH.,"[11, 13, 7]",['Enhance national prevention and recovery capacities for resilient societies']
234,132014.0,Decarbonzation of Residential Sector in Bosnia and Her,1771084.0,Bosnia and Herzegovina,BIH,http://open.undp.org/projects/00132014,['SWEDISH INTERNATIONAL DEVELOPMENT COOPERATION (SIDA)'],Non-VF,4,,0.0,0.0,Decarbonization of Residential Sector in Bosnia and Herzegovina by creation of favorable environment for investment in EE/RES in residential sector in Bosnia and Herzegovina.,"[11, 13, 7]",['Enhance national prevention and recovery capacities for resilient societies']
237,141105.0,Inclusive Decarbonization Activity IDA,821580.0,Bosnia and Herzegovina,BIH,http://open.undp.org/projects/00141105,['GOVERNMENT OF JAPAN'],Non-VF,2,,0.0,0.0,"Leveraging Nationally Determined Contributions (NDCs) to achieve net-zero emissions and climate-resilient development, in response to the climate emergency","[11, 13, 7]",['Enhance national prevention and recovery capacities for resilient societies']
238,5882.0,De-Risking and Scaling-up Investment in EE,17346000.0,Bosnia and Herzegovina,BIH,https://co.pims.undp.org/project/view?id=5882,GCF,VF,3,,0.0,0.0,,,
239,5646.0,Catalyzing Env.Fin. for Low-Carbon Urban Dev,2370000.0,Bosnia and Herzegovina,BIH,PIMS+,"GEF
BIH Government",VF,2,,427826.0,0.0,,,
240,125245.0,Energía y Desarrollo Humano,67499.0,Paraguay,PRY,http://open.undp.org/projects/00125245,['UNITED NATIONS DEVELOPMENT PRO'],Non-VF,1,,0.0,0.0,Apoyo al gobierno en la formulación de polìticas públicas y al sector privado y la sociedad civil con el Enfoque de Desarrollo Humano.,"[17, 7, 9]","['Keeping people out of poverty', 'Close the energy gap']"
243,5188.0,Asunción Green City,7493120.0,Paraguay,PRY,PIMS+,GEF,VF,2,,0.0,0.0,,,
244,6510.0,National child project under the GEF African Minigrid Program,924566.0,Burkina Faso,BFA,PIMS+,GEF,VF,7,,45054.0,0.0,,,
245,134067.0,Projet tranfrontalier Burkina RCI-UNDP-BFA-00129636,407000.0,Burkina Faso,BFA,https://open.undp.org/projects/00134067,,Non-VF,1,,0.0,0.0,,,
246,136271.0,Collaborate and Innovate-UNDP-BFA-00127230,1510000.0,Burkina Faso,BFA,https://open.undp.org/projects/00136271,,Non-VF,1,,0.0,0.0,,,
247,5462.0,San Salvador Urban Development,2420548.0,El Salvador,SLV,https://co.pims.undp.org/project/view?id=5462,GEF,VF,4,,50000.0,0.0,,,
248,6657,National child project under the GEF Africa Minigrids Program,2018349.0,Sao Tome & Principe,STP,https://co.pims.undp.org/project/view?id=6657,GEF,VF,2,,34050.0,0.0,,,
249,4602,Promotion of environmentally sustainable and climate-resilient grid/isolated grid-based hydroelectric electricity through an integrated approach in Sao Tome and Principe.,5274544.0,Sao Tome & Principe,STP,https://co.pims.undp.org/project/view?id=4602,GEF,VF,2,,0.0,0.0,,,
250,missing-STP-1,Green Infrastructure for Health and Education in Sao Tome and Principe,1072026.0,Sao Tome & Principe,STP,,,Non-VF,2,,225578.0,0.0,,,
251,130633.0,"Catalysing a Sustainable Shift towards E-mobility (March 2022-March 2023) 
",896583.0,Viet Nam,VNM,https://www.undp.org/vietnam/projects/catalysing-sustainable-shift-towards-e-mobility,Gov. of Japan,Non-VF,3,,0.0,50.0,,,
252,1061012.0,Scaling up E-mobility and mechanisms for promoting investments in green projects in Viet Nam (March 2023 - March 2024),1128978.0,Viet Nam,VNM,,,Non-VF,6,,0.0,0.0,,,
253,134019.0,"Shifting Investment Flows 
Towards Green Transformation (SHIFT)",3000000.0,Viet Nam,VNM,N/A yet,,Non-VF,2,,0.0,0.0,,,
254,117633.0,Accelerating Private Sector Engagement in Climate Resilient and Low Emission Investment Opportunities in Viet Nam’s NDC,2201100.0,Viet Nam,VNM,Accelerating Private Sector Engagement in Climate-Resilient and Low-Emission Investment Opportunities in Viet Nam’s NDC 2019-2023 | United Nations Development Programme (undp.org),,Non-VF,6,,2175.0,0.0,,,
255,MAF2024_O0547,Accelerating Decarbonization: Closing the Energy Gap through Market-Driven Solar Power Solutions,19000000.0,Bhutan,BTN,,,Non VF,1,,525000.0,0.0,,,
256,98606,Bhutan Sustainable Low Urban Transport Systems,3000000.0,Bhutan,BTN,GEF,,VF,1,,300.0,0.0,,,
257,128990,"Leveraging Nationally Determined Contributions (NDCs) to achieve net-zero emissions and climate-resilient development, in response to the climate emergency",1145424.0,Bhutan,BTN,JSB,,Non-VF,1,,19.0,0.0,,,
258,76640,Removal of barriers to sustainable utilization of available biomass resources in the country; and application of biomass energy technologies that can support the economic and social development in the country’s rural sector,1903000.0,Bhutan,BTN,GEF,,VF,1,,61965.0,0.0,,,
259,129029,Solar photovoltaic project ,210000.0,Bhutan,BTN,JSB,"['GOVERNMENT OF JAPAN', 'UNITED NATIONS DEVELOPMENT PRO']",Non-VF,1,,3150.0,0.0,"This project funded by the Government of Japan will implement innovative and solutions in the areas health, waste , renewable energy and value chains for a smarter, greener and more resilient 21st Century Bhutan",[1],['Strenghten gender equality and the empowerment of women and girls']
261,6692,Energy Efficiency in Building Sector - Turkmenistan,2066333.0,Turkmenistan,TKM,https://co.pims.undp.org/project/view?id=6692,GEF,VF,1,,0.0,0.0,,,
262,5452,Sustainable Cities: Ashgabat and Awaza,6060046.0,Turkmenistan,TKM,https://co.pims.undp.org/project/view?id=5452,GEF,VF,1,,0.0,0.0,,,
263,6089.0,SPIRES (Rural Electrification),2639726.0,Solomon Islands,SLB,PIMS+,GEF,VF,6,,57767.5,0.019147,,,
264,1001800.0,"Improved Access to Electricity for Peri-Urban, Urban, and Rural Areas in sub-zobas of Adi-keih, Senafe, Mai- ‘aini and Tsoronna through installation of 2x6 MVA, 66/15 KV Substation in Adi Keih town",-1.0,Eritrea,ERI,,CORE I,Non-VF,3,,469000.0,0.0,,,
265,6451.0,SMARTER - Bioenergy in Barbados,1593836.0,Barbados,BRB,PIMS+,GEF,VF,4,,28175.0,215593.0,,,
266,96620,Resource Efficiency in Agriculture & Agrobased Ind.GAP,1499060.0,Turkey,TUR,http://open.undp.org/projects/00096620,"['Better Cotton Growth and Innovation Fund', 'GOVERNMENT OF TURKEY']",Non-VF,1,,0.0,0.0,"The project aims to model and promote the most efficient use of resources in agricultural production and agricultural product processing as dominant sectors in GAP Region, and increase efficiency in primary production and processing.","[1, 12, 6, 7]",['Promote nature-based solutions for a sustainable planet']
272,114367,Environment and social resilience,791900.0,Turkey,TUR,http://open.undp.org/projects/00114367,"['Doğa Koruma Merkezi(The Nature Conservation Centre)', 'Foreign, Commonwealth & Development Office', 'H&M Group', 'INTERNATIONAL LABOUR ORGANIZATION', 'UNITED NATIONS DEVELOPMENT PRO', 'UNITED NATIONS ENVIRONMENT PROGRAMME']",Non-VF,1,,0.0,0.0,Strengthening national capacity to address the environmental impacts of humanitarian responses to population displacement in Turkey,"[1, 11, 12, 13, 3, 7, 9]","['Keeping people out of poverty', 'Enhance national prevention and recovery capacities for resilient societies', 'Promote nature-based solutions for a sustainable planet', 'Close the energy gap']"
276,125243,Increasing Employability in the Renewable Energy Sector,2362663.0,Turkey,TUR,http://open.undp.org/projects/00125243,['GOVERNMENT OF REPUBLIC OF KOREA'],Non-VF,1,,0.0,0.0,"This project focuses on the delivery of vocational training and skills certification for Syrians and Turkish host communities in the renewable energy sector - including solar power, wind, biogas, roof top water heaters and goe-thermal.","[1, 4, 7]",['Keeping people out of poverty']
279,133485,Green Destination Model -ENERJISA,170000.0,Turkey,TUR,http://open.undp.org/projects/00133485,['Enerjisa Enerji A.Ş.'],Non-VF,1,,0.0,0.0,Raising Awareness on Energy Efficiency through Development of a Green Destination Management Model,"[5, 8]",['Close the energy gap']
281,5673,EE Low Cost Wooden Houses,3800000.0,Turkey,TUR,PIMS+,GEF,VF,1,,0.0,,,,
282,5323,SEFM for Solar PV for Forest Villages,3780000.0,Turkey,TUR,PIMS+,GEF,VF,1,,3487.0,0.0,,,
283,5285,TEEEM - EE Motors,3750000.0,Turkey,TUR,PIMS+,GEF,VF,1,,0.0,0.0,,,
284,124212.0,Services Energétiques Ruraux,7260535.0,Burundi,BDI,http://open.undp.org/projects/00124212,"['EUROPEAN COMMISSION', 'UNITED NATIONS DEVELOPMENT PRO']",Non-VF,4,,33833.12,0.0,Fournir les services énergétiques ruraux pour la résilience de la population de 13 collines et villages du Burundi situés dans les zones les plus éloignées du réseau national d’électricité dans 5 provinces.,[7],['Close the energy gap']
288,1001068.0,UNIPOD/ SMARTCENTER / WOMIPOD,,Burundi,BDI,,PNUD,,2,,0.0,0.0,,,
289,1001073.0,"Appui à l'accès à la justice, Etat de droit et à la cohésion sociale au Burundi (11 Bureaux d'Etat Civil )",285715.35,Burundi,BDI,https://open.undp.org/projects/01001073,PNUD,,1,,0.0,0.0,,,
290,128744.0,COVID 19 RESPONSE MECHANISM ( C19RM),-1.0,Burundi,BDI,https://open.undp.org/covid-response,GFATM C19RM UNDP,,2,,0.0,0.0,,,
291,115827.0,Solarisation of Head of State Residences in the Pacific,1575829.0,Fiji (+10 member countries of Pacific Island Development Forum),NA,http://open.undp.org/projects/00115827,['GOVERNMENT OF INDIA'],Non-VF,3,,0.0,0.0,Solarisation of Head of State Residences in the Pacific as demonstration on commitment towards renewable energy,[13],['Enhance national prevention and recovery capacities for resilient societies']
294,5926.0,BRANTV,2639726.0,Vanuatu,VUT,https://co.pims.undp.org/project/view?id=5926,,VF,2,,71120.0,0.0450161,,,
295,5613.0,FASNETT,2639725.0,Tuvalu,TUV,https://co.pims.undp.org/project/view?id=5613,,VF,9,,128480.5,15000.0,,,
296,6188.0,SMARTEN,3302968.0,Nauru,NRU,https://co.pims.undp.org/project/view?id=6188,,VF,4,,1040.0,43858.027011,,,
297,6159.0,POIDIER,5379452.0,Kiribati,KIR,https://co.pims.undp.org/project/view?id=6159,,VF,12,,96416.6,0.0,,,
298,5997.0,MPSBEE,1776484.0,Federated States of Micronesia,FSM,https://co.pims.undp.org/project/view?id=5997,,VF,9,,875.0,0.003974,,,
299,1000416.0,"VAN: Promoting Green Transformation in the Pacific Region towards Net-zero and Climate-resilient Development, Vanuatu",4622265.0,Vanuatu,VUT,,,Non-VF,4,,2366.0,0.0,,,
300,6417.0,TAILEV,3569725.0,Uzbekistan,UZB,PIMS+,GEF,VF,1,,6000.0,0.0,,,
301,5392.0,Sustainable Rural Housing in Uzbekistan,6000000.0,Uzbekistan,UZB,PIMS+,GEF,VF,2,,7465.0,0.0,,,
302,128213,Greening the RFM Hospital Demonstration,1870871.0,Eswatini,SWZ,http://open.undp.org/projects/00128213,['GOVERNMENT OF ITALY'],Non-VF,1,,17500.0,0.0,"Demonstrate and document the benefits of clean, low-cost energy systems and appliances. Share information for awareness raising. Replace old energy systems with clean, renewable and affordable systems to demonstrate the reduced energy demand and cost.",[7],['Close the energy gap']
305,6432,National project under the AMP,863242.0,Eswatini,SWZ,PIMS+,Global Environment Fund,VF,1,,459.0,0.0,,,
306,80963,UNDP Moonshot: Greening the UN House,156514.85,Eswatini,SWZ,,UNDP,Non-VF,2,,2031.0,0.0,,,
307,1000549,Powering Gender Equality,130000.0,Eswatini,SWZ,,UNDP,Non-VF,1,,0.0,0.0,,,
308,117244,Italy-UNDP Energy Partnership,100000.0,Eswatini,SWZ,,UNDP,Non-VF,1,,0.0,0.0,,,
309,TBD,Catalysing Renewable Energy Access and Transition in Eswatini.,820000.0,Eswatini,SWZ,,European Union,Non-VF,1,,100.0,0.0,,,
310,125985,"Addressing the Water, Health and Poverty Nexus through WASH Initiatives for COVID-19 and Climate Change Responses",999000.0,Eswatini,SWZ,,European Union,Non-VF,1,,400.0,0.0,,,
311,124574.0,Strengthening Local Climate Action,1220000.0,Kosovo,XKX,https://www.undp.org/kosovo/projects/strengthening-local-climate-action-project,Austrian Development Agency,Non-VF,8,,953.75,0.0,,,
312,1000987.0,"Kosovo Climate Promise Project 2 - ""Climate Promise Kosovo – From Pledge to Impact (CP2 Project)""",381780.0,Kosovo,XKX,https://open.undp.org/projects/01000987,Sida (Swedish International Development Cooperation Agency),Non-VF,6,,0.0,0.0,,,
313,130766.0,"Climate Promise Project- ""Growth Through Green and Rapid Recovery from Covid-19""",704052.0,Kosovo,XKX,https://climatepromise.undp.org/what-we-do/where-we-work/kosovo ,,Non-VF,5,,28.0,0.0,,,
314,5702.0,Forest Landscape Restoration in the Mayaga,6213538.0,Rwanda,RWA,"https://co.pims.undp.org/project/view?id=5702

https://erc.undp.org/evaluation/documents/detail/22638",GEF + core resources ,VF,1,,92020.0,0.0,,,
315,6083.0,Ecosystems/Landscape approach to climate proof the Rural Settlement Program of Rwanda,101455.0,Rwanda,RWA,https://pir.pims.undp.org/pir/report?id=38&pirEntryId=4750,GEF ,VF,1,,0.0,0.0,,,
316,112808.0,Poverty Environment Action for SDGs,112808.0,Rwanda,RWA,https://undp-my.sharepoint.com/query?q=pea&searchScope=all&id=%2Fpersonal%2Fpierre%5Fndindiyaho%5Fundp%5Forg%2FDocuments%2FPEA%5FFinal%20Report%2Epdf&parentview=7,"Belgium, Sida",Non-VF,1,,80.0,0.0,,,
317,116275.0,Strengthening Capacities of the ENR Sector for Green Economy Transformation (SCENR),116275.0,Rwanda,RWA,https://erc.undp.org/evaluation/documents/download/21990,UNDP Core resources,Non-VF,2,,4305.68,0.0,,,
318,126434.0,Accelerating Clean Energy Access to Reduce Inequality (ACCESS),15028509.0,Indonesia,IDN,http://open.undp.org/projects/00126434,['KOREA INTERN. COOPERATION AGENCY (KOICA)'],Non-VF,10,,11698.5,0.0,Accelerating Clean Energy Access to Reduce Inequality (ACCESS) aims to support equitable and sustainable access to basic services for livelihood improvements,"[13, 15, 7]",['Keeping people out of poverty']
321,142434.0,PIP Accelerating Robust Carbon Pricing,1796132.0,Indonesia,IDN,http://open.undp.org/projects/00142434,,Non-VF,4,,0.0,0.0,,,
322,6333.0,Electric Vehicles in Indonesia (ENTREV),1816500.0,Indonesia,IDN,https://co.pims.undp.org/project/view?id=6333,,VF,5,,884224.0,0.0,,,
323,5721.0,ADLIGHT,2633372.0,Indonesia,IDN,https://co.pims.undp.org/project/view?id=5721,,VF,5,,0.0,0.0,,,
324,4673.0,RE Market Transformation (NAMA),8025000.0,Indonesia,IDN,https://co.pims.undp.org/project/view?id=4673,,VF,7,,1155200.0,0.0,,,
325,1000330.0,PIP JSB Advancing Indonesia's NDC Targets in the Energy Sector,1976199.0,Indonesia,IDN,https://open.undp.org/projects/01000330,,Non-VF,3,,0.0,0.0,,,
326,1000743.0,PIP Just Energy Transition,150000.0,Indonesia,IDN,https://open.undp.org/projects/01000743,,Non-VF,2,,0.0,0.0,,,
327,1002479.0,PIP Gender-Responsive Just Energy Transition,150000.0,Indonesia,IDN,https://open.undp.org/projects/01002479,,Non-VF,2,,0.0,0.0,,,
328,106637.0,Partnership for Action on Green Economy,1116810.36,Indonesia,IDN,"https://www.un-pageindonesia.org/

https://open.undp.org/projects/00105341",,Non-VF,2,,0.0,0.0,,,
329,131053.0,Sustainable Infrastructure Programme in Asia ,315717.74,Indonesia,IDN,https://open.undp.org/projects/00143365,,Non-VF,1,,0.0,0.0,,,
330,6486.0,Promoting Low-carbon Electric Public Bus Transport in Mauritius,5600607.0,Mauritius,MUS,https://co.pims.undp.org/project/view?id=6486,GEF,Non-VF,4,,34125.0,0.0,,,
331,5681.0,Transformational shift to a low-carbon economy,28210000.0,Mauritius,MUS,https://co.pims.undp.org/project/view?id=5681,GCF,Non-VF,6,,744797.0,196000.0,,,
332,5509.0,Realising Energy Savings and Climate Benefits of Implementing Mandatory Energy Auditing in the Republic of Mauritius ,4532164.0,Mauritius,MUS,https://co.pims.undp.org/project/view?id=5509,GEF,Non-VF,7,,0.0,0.0,,,
333,144953.0,Addressing food and energy crisis in North Macedonia,95000.0,North Macedonia,MKD,http://open.undp.org/projects/00144953,['MPTFO - Joint SDG Fund (previously known as The Joint Fund for the 2030 Agenda)'],Non-VF,1,,0.0,0.0,"The Joint Programme will support the Government of North Macedonia in identifying systemic pathways for better response to the food, energy and finance crisis.","[7, 8]",['Keeping people out of poverty']
334,144270.0,Green Finance Facility to Improve Air Quality and Combat Climate Change in North Macedonia,44400000.0,North Macedonia,MKD,https://open.undp.org/projects/00144270,"['GOVERNMENT OF NORTH MACEDONIA', 'MPTFO - Joint SDG Fund (previously known as The Joint Fund for the 2030 Agenda)']",Non-VF,20,,187250.0,0.0,This project aims to provide access to affordable green financing for SMEs and marketable but under-served target groups for investments in RE and EE solutions that will contribute to reducing air pollution levels and carbon emissions in North Macedonia.,"[13, 7]",['Keeping people out of poverty']
335,110061.0,Tackling Air Pollution in Skopje,2150000.0,North Macedonia,MKD,https://open.undp.org/projects/00110061,['SWEDISH INTERNATIONAL DEVELOPMENT COOPERATION (SIDA)'],Non-VF,1,,0.0,0.0,The project aims to demonstrate a multi-pronged intervention to tackle air pollution in the City of Skopje linked to the residential sector.,"[13, 3, 7]",['Close the energy gap']
339,129099.0,"Scaling up action to tackle air pollution,",3134309.0,North Macedonia,MKD, https://open.undp.org/projects/00129099,['SWEDISH INTERNATIONAL DEVELOPMENT COOPERATION (SIDA)'],Non-VF,4,,420.0,0.0,The project aims to demonstrate a multi-pronged intervention to tackle air pollution in five municipalities linked to the public buildings sector. It is complementary and a scale up of the ongoing project funded by SIDA and implemented by UNDP.,"[13, 3, 7]",['Close the energy gap']
340,5143,SE4ALL,3502968.0,Equatorial Guinea,GNQ,https://co.pims.undp.org/project/view?id=5143,GEF,VF,1,,5000.0,0.0,,,
341,46258,Small Grants Programme,429168.0,Armenia,ARM,http://open.undp.org/projects/00046258,"['ARM-GOVERNMENT', 'GOVERNMENT OF FINLAND', 'UNITED NATIONS DEVELOPMENT PRO']",Non-VF,1,,0.0,0.0,Regulatory framework for strengthening environmental management and ensuring sustainable development are introduced.,"[12, 15, 7, 9]",['Close the energy gap']
352,118602,Climate Smart Solutions in Communities,916858.0,Armenia,ARM,http://open.undp.org/projects/00118602,"['ARM-GOVERNMENT', 'UNITED NATIONS DEVELOPMENT PRO']",Non-VF,1,,100000.0,0.0,Supporting Communities of Armenia to Adopt and Implement Climate Smart Solutions - to support municipalities in promotion of urban green solutions to demonstrate greenhouse gas emissions reduction in line with municipal sustainable energy action plans.,"[7, 9]",['Close the energy gap']
356,133238,Phase II_Climate Smart Solutions,595301.0,Armenia,ARM,http://open.undp.org/projects/00133238,"['ARM-GOVERNMENT', 'UNITED NATIONS DEVELOPMENT PRO']",Non-VF,1,,0.0,0.0,Supporting Communities of Armenia to Adopt and Implement Climate Smart Solutions – PHASE II,"[7, 9]",['Close the energy gap']
358,98348,De-Risking Investment In Energy Efficient Retrofits,20420000.0,Armenia,ARM,https://open.undp.org/projects/00098348 ,"['ARM-GOVERNMENT', 'GREEN CLIMATE FUND', 'UNITED NATIONS DEVELOPMENT PRO']",Non-VF,1,,225000.0,0.0,"Using an integrated suite of de-risking interventions, the Project seeks to systematically de-carbonise the existing building stock in Armenia to reduce greenhouse gas (GHG) emissions while achieving sustainable development benefits.","[7, 9]","['Others', 'Close the energy gap']"
364,140158,"Strengthened Community Resilience through Energy Efficiency and Low
Emission Development",1000000.0,Armenia,ARM,,['SWEDISH INTERNATIONAL DEVELOPMENT COOPERATION (SIDA)'],Non-VF,1,,14000.0,0.0,Strengthened Community Resilience through Energy Efficiency and Low Emission Development,"[7, 9]",['Close the energy gap']
366,5749.0,The Climate Aggregation Platform for Developing Countries,1950000.0,New York,NA,https://co.pims.undp.org/project/view?id=5749,GEF,VF,2,,31250.0,0.0,,,
367,118154,Regional stabilization facility,1260000.0,"Cameroon, Republic of",CMR, Cameroun Energy Project," UK, Allemagne  ",Non-VF,7,,27278.5,0.0,,,
368,CMR/SGP/OP7/Y1/CORE/CC/2022/04 ,GEF Small Grants Programme,34255.0,"Cameroon, Republic of",CMR, Cameroun Energy Project,"1 447,00",Non-VF,1,,0.0,0.0,,,
369,130710,UNDP CAMEROUN GOES GREEN: SUPPORT FOR THE ACHIEVEMENT OF SUSTAINABLE MOONSHOT OBJECTIVES,16839.0,"Cameroon, Republic of",CMR, Cameroun Energy Project,Greening Moonshot Fund,Non-VF,3,,0.0,0.0,,,
370,6619.0,Solar for Health ,25000000.0,Namibia,NAM,,GCF,VF,1,,175562.0,0.0,,,
371,6337.0,"Enhancing Namibia’s capacity to establish a comprehensive Transparency Framework for Measurement, Reporting and Verification (MRV) of climate actions and reporting on NDC implementation under the Paris Agreement",1160000.0,Namibia,NAM,https://co.pims.undp.org/project/view?id=6337,GEF / UNDP,VF,1,,0.0,0.0,,,
372,130635.0,"Promotion of carbon markets in Namibia for an enhanced implementation of the nationally determined contributions (NDC) towards net-zero emissions and climate-resilient development, in response to the climate emergency.",1003042.0,Namibia,NAM,"https://sway.office.com/nRDTcZhPyGGgaC6k?ref=Link

https://open.undp.org/projects/00123453",,Non-VF,1,,0.0,0.0,,,
373,1000235.0,"Strengthening and building resilience of Namibia’s peri-urban communities to climate change through climate-smart agricultural production, access to solar technologies, climate information and early-warning system.",1030039.0,Namibia,NAM,https://co.pims.undp.org/project/view?id=4711,Japan ,Non-VF,4,,16960.0,0.0,,,
374,135028.0,Projet d’appui au développement d’offres énergétiques (Chad),1745000.0,Chad,TCD,https://open.undp.org/projects/00135028,['UNITED NATIONS DEVELOPMENT PRO'],Non-VF,7,,27069.25,0.0,Le projet vise à identifier et promouvoir des solutions énergétiques durables pour la population tchadienne,"[7, 9]",['Close the energy gap']
376,114485.0,Policy and Innovation,14955773.0,Cambodia,KHM,http://open.undp.org/projects/00114485,"['4 PX Express Co.,Ltd', 'BRITISH EMBASSY', 'GOVERNMENT OF CAMBODIA', 'GOVERNMENT OF GERMANY', 'GOVERNMENT OF JAPAN', 'GOVERNMENT OF UNITED KINGDOM', 'INTERNATIONAL LABOUR ORGANIZATION', 'Khmer Enterprise', 'MPTFO - Joint SDG Fund (previously known as The Joint Fund for the 2030 Agenda)', 'UNDP Funding Windows', 'UNITED NATIONS DEVELOPMENT PRO', 'UNITED NATIONS ENVIRONMENT PROGRAMME', ""WORLD BANK (INT'L. BANK FOR RECONSTRUCTION & DEVELOPMENT)"", 'WorldBridge International (Cambodia) Ltd']",Non-VF,6,,19090.025,0.0,"Building on the achievements and lessons learned from policy phase I, the policy phase II project aims to further advance policy dialogues and innovation in support for the Cambodia’s efforts to attain SDGs and inclusive and sustainable growth.","[1, 10, 7]",['Keeping people out of poverty']
380,144124.0,ROK Solar Irrigation,2230822.0,Cambodia,KHM,https://open.undp.org/projects/00144124,,Non-VF,4,,45541.0,0.0,,,
381,118895.0,Cambodia Climate Change Alliance – Phase 3,9032048.0,Cambodia,KHM,http://open.undp.org/projects/00118895,"European Commission, SIDA, UNDP, FCDO",Non-VF,8,,4236.0,0.0,,,
382,125400,Accès aux services énergétiques,2545500.0,Niger,NER,http://open.undp.org/projects/00125400,['UNITED NATIONS DEVELOPMENT PRO'],Non-VF,1,,250000.0,0.0,"Lutte contre la pauvreté et amélioration des conditions de vie des communautés rurales, notamment les femmes, par la promotion de l’accès aux services énergétiques et aux technologies alternatives",[7],['Promote nature-based solutions for a sustainable planet']
385,"6659, 143728",National child project under the GEF Africa Minigrids Program,1601376.0,Niger,NER,PIMS+,GEF,VF,1,,13534.0,0.0,,,
386,6321.0,Sudan national child project - Africa Minigrids Program (AMP),2637246.0,Sudan,SDN,PIMS+,GEF,VF,1,,144002.0,0.0,,,
387,5674.0,Efficient Appliances UNEP Global PFD,1770000.0,Sudan,SDN,PIMS+,GEF,VF,1,,0.0,0.0,,,
388,106169.0,Solar for Agriculture Development in Sudan,9129111.0,Sudan,SDN,http://open.undp.org/projects/00106169,"['KOREA INTERN. COOPERATION AGENCY (KOICA)', 'UNITED NATIONS DEVELOPMENT PRO']",Non-VF,1,,422.0,0.0,Solar water pumps for Sustainable Agriculture in Sudan: Promotion of renewable energy and sustainable financial modality as gateway to improve farmers’ livelihoods and GHG reduction,[13],['Enhance national prevention and recovery capacities for resilient societies']
392,102733.0,Solar for Health Project,676621.0,Sudan,SDN,http://open.undp.org/projects/00102733,['UNITED NATIONS DEVELOPMENT PRO'],VF,1,,0.0,0.0,The project aims to use PV solar energy technologies to provide electrical power to run health facilities in rural and remote areas.,"[3, 5]","['Strengthen effective, inclusive and accountable governance']"
398,1000518.0,Sudan-Scaling Solar Applications for Agricultural Use (SSAAU),200000.0,Sudan,SDN,,IBSA,Non-VF,4,,50.0,0.0,,,
399,98897,FRELOCAL - FUENTES RENOVABLES DE ENERGIA - DES LOCAL,3578420.0,Cuba,CUB,http://open.undp.org/projects/00098897,"['MPTF- Apoyo a la Eficiencia Energética (EE) y a la Promocion de las Fuentes Renovables de Energia en Funcion del Desarrollo Local (FRE-DL)', 'UNITED NATIONS DEVELOPMENT PRO']",Non-VF,1,,2451.0,0.0,FUENTES RENOVABLES DE ENERGIA COMO APOYO AL DESARROLLO LOCAL (FRE-DL) - APOYO A LA DIVERSIFICACION DE LA MATRIZ ENERGETICA - META 24% DE USO DE FRE PARA GENERACION DE ELECTRICIDAD EN 2030.,"[13, 7]",['Close the energy gap']
403,110578,Resiliencia Energetica post Irma,7710027.0,Cuba,CUB,http://open.undp.org/projects/00110578,['EUROPEAN COMMISSION'],Non-VF,1,,6407.0,0.0,"Incremento de la resiliencia energetica en comunidades ante eventos meteorologicos extremos, a partir del uso de Fuentes Renovables de Energia","[13, 7, 9]",['Close the energy gap']
408,118945,MUNICIPIO MARTI ENERGIA SOSTENIBLE,433162.0,Cuba,CUB,http://open.undp.org/projects/00118945,['EUROPEAN COMMISSION'],Non-VF,1,,22000.0,0.0,"Acción global contra el Cambio Climático: Municipalidad de Martí, hacia un modelo de desarrollo sostenible carbón neutro.","[13, 7]",['Keeping people out of poverty']
411,5653,Cuba Sustainable Transport,1959132.0,Cuba,CUB,https://co.pims.undp.org/project/view?id=5653,GEF,VF,1,,132820.0,0.0,,,
412,4899,CleanEnerg Cuba,2737524.0,Cuba,CUB,https://co.pims.undp.org/project/view?id=4899,GEF,VF,1,,88100.0,0.0,,,
413,120932,"Apoyo a la revitalización del empleo en la cadena de producción ganadera de la provincia de Guantánamo, en la etapa de Recuperación post COVID-19",100000.0,Cuba,CUB,Empleo Autoabastecimiento COVID-19 | UNDP Transparency Portal,,Non-VF,1,,64.0,0.0,,,
414,118495,ALASS,800000.0,Cuba,CUB,https://open.undp.org/projects/00118495,,Non-VF,1,,100000.0,0.0,,,
415,85124,Agrofrutales,128000.0,Cuba,CUB,https://open.undp.org/projects/00085124,,Non-VF,1,,10.0,0.0,,,
416,6658,National child project under the GEF Africa Minigrids Program,1326147.0,Benin,BEN,https://co.pims.undp.org/project/view?id=6658,GEF,VF,1,,12152.0,0.0,,,
417,5115,Benin Biomass Electricity Generation,3872602.0,Benin,BEN,https://co.pims.undp.org/project/view?id=5115,GEF,VF,3,,70000.0,0.0,,,
418,4979,Benin NAPA LDCF 2,8000000.0,Benin,BEN,https://co.pims.undp.org/project/view?id=4979,LDCF/GEF,VF,5,,11100.0,0.0,,,
419,4979-2,Benin NAPA LDCF 2 TRAC 2,1400000.0,Benin,BEN,https://co.pims.undp.org/project/view?id=4979-2,LDCF/GEF,VF,1,,50000.0,0.0,,,
420,missing-KEN-1,JSB- ACCELERATING CLEAN COOKING ACTION IN KENYA,1327000.0,Kenya,KEN,,Japan,Non-VF,5,,39000.0,0.0,,,
421,136330,SOLAR POWERWED COLD STORAGE FACILITIES TO REDUCE POST HARVEST LOSSESS,24710000.0,Kenya,KEN,https://open.undp.org/projects/00136330,MITIGATION FACILITY				,Non-VF,7,,10000.0,3099660000.0,,,
422,120294,Solar for Health,1000000.0,Liberia,LBR,,UNDP TRAC 1,Non-VF,1,,10000.0,0.0,,,
423,122614,Liberia Decentralization Support Project Phase II,836698.05,Liberia,LBR,,"Ireland, Sweden & UNDP",Non-VF,1,,0.0,0.0,,,
424,129168,"Delivering Peace Dividens in Liberia: Consolidating National, Regional and Local Reconciliation and Social Cohesion Opportunities.",194800.0,Liberia,LBR,,PBF,,1,,0.0,0.0,,,
425,113007,Electricity and Energy Support,36250760.0,Syria,SYR,http://open.undp.org/projects/00113007,"['GOVERNMENT OF JAPAN', 'GOVERNMENT OF RUSSIAN FEDERATION', 'KREDITANSTALT FUR WIEDERAUFBAU', 'MPTF-Syria Urban & Rural Resilience (4X100)', 'SWISS AGENCY FOR DEVELOPMENT AND COOPERATION - SDC', 'Syria Recovery Trust Fund', 'UNDP Funding Windows', 'UN HIGH COMMISSIONER FOR REFUGEES (UNHCR)', ""UNITED NATIONS CHILDREN'S FUND"", 'UNITED NATIONS DEVELOPMENT PRO', 'United Nations Office for the Coordination of Humanitarian Affairs (UNOCHA)', 'UNITED NATIONS POPULATION FUND', 'UNOCHA/Central Emergency Response Fund, CERF', 'WORLD FOOD PROGRAMME']",Non-VF,24,,2595349.0,0.0,Job Creation for Resilience Building in Syria-Phase III,"[1, 16, 7]","['Others', 'Keeping people out of poverty']"
432,129587.0,Accelerator Lab – Mozambique,566623.0,Mozambique,MOZ,http://open.undp.org/projects/00129587,"['GOVERNMENT OF GERMANY', 'UNITED NATIONS DEVELOPMENT PRO']",Non-VF,2,,1627.1999999999998,0.0,The Accelerator Labs Network is set up as a collection of engagement facilities that will be linked together to a coordinating “mother” global project (set up as a development project) as a multi-country project portfolio.,"[1, 13, 7]",['Others']
434,121665.0,Moz Recovery Facility,-1.0,Mozambique,MOZ,https://open.undp.org/projects/00121665,"['CHEVRON MAUNAIGAS  INC - KAZAK', 'Department of Foreign Affairs, Trade and Development', 'EUROPEAN COMMISSION', 'GOVERNMENT OF FINLAND', 'GOVERNMENT OF INDIA', 'GOVERNMENT OF NETHERLANDS', 'MINISTRY OF COMMERCE, CHINA', 'MINISTRY OF FOREIGN AFFAIRS, NORWAY', 'UNDP Funding Windows', 'UNITED NATIONS DEVELOPMENT PRO']",Non-VF,2,,0.0,0.0,"The UNDP Recovery Facility has been developed in the aftermath of Cyclones Idai and Kenneth, aiming to contribute to Mozambique’s rapid restoration of development pathways in a manner that builds resilience to disasters.","[1, 7]",['Others']
438,135528.0,Health System Strengthening_NFM3,-1.0,Mozambique,MOZ,https://open.undp.org/projects/00135528,Government of Mozambique,Non-VF,2,,0.0,0.0,,,
439,6270,GEF 7: Sustainable Cities - Green Economy,10317970.0,Costa Rica,CRI,https://co.pims.undp.org/project/view?id=6270,GEF,VF,1,,0.0,0.0,,,
440,102048,Home Projects WRM and Eba in Xe Bang Hieng river basin and LPB city,5579452.0,Lao PDR,LAO,https://undp-my.sharepoint.com/:b:/r/personal/benjamin_rapp_undp_org/Documents/Public/Signed%20ProDoc%20GEF%20IWRM%20Lao%20PDR.pdf?csf=1&web=1&e=RpDFpX,GEF LDCF,Non-VF,2,,300.0,0.0,,,
441,132455 ,Climate Promise II: from Pledge to Impact,540000.0,Lao PDR,LAO,https://undp-my.sharepoint.com/:w:/r/personal/benjamin_rapp_undp_org/Documents/Public/ProDoc%20CP%20II%20-%20Final%20Draft_updated250523%20Tx.docx?d=wb4fecac79120493cb018c6c063ab65b7&csf=1&web=1&e=cTjXPA,UNDP (Government of Germany),Non-VF,2,,0.0,0.0,,,
442,126532.0,The ACCESS project,2970297.0,Timor-Leste,TLS,http://open.undp.org/projects/00126532,['KOREA INTERN. COOPERATION AGENCY (KOICA)'],Non-VF,3,,9591.0,0.0,Acceleration Clean Energy / Access to reduce inequalities in Rural Areas of Timor-Leste,"[11, 7]",['Promote nature-based solutions for a sustainable planet']
445,145070.0,3E4Women,280000.0,Timor-Leste,TLS,http://open.undp.org/projects/00145070,['MPTFO - Joint SDG Fund (previously known as The Joint Fund for the 2030 Agenda)'],Non-VF,1,,0.0,0.0,"Entrepreneurship, Energy, Empowerment for Women (3E4Women) focuses on enhancing the capacity of women entrepreneurs engaged in the food business.",[],['Others']
446,1000417.0,Green Transformation ,5781240.0,Timor-Leste,TLS,https://www.undp.org/timor-leste/projects/green-transformation-project,Japan,Non-VF,3,,764000.0,0.0,,,
447,94384.0,Sustainable Energy for All,12489640.0,United Republic of Tanzania,TZA,http://open.undp.org/projects/00094384,"['GOVERNMENT OF UNITED REPUBLIC OF TANZANI', 'UNITED NATIONS DEVELOPMENT PRO']",Non-VF,1,,0.0,0.0,The project will coordinate the implementation of theSE4ALL initiative through promoting achievement of the three SE4ALL goals,[7],['Close the energy gap']
452,141196.0,Implementation of the Tanzania Energy Efficiency Action,5410706.0,United Republic of Tanzania,TZA,http://open.undp.org/projects/00141196,"['EUROPEAN COMMISSION', 'EUROPEAN ECONOMIC COMMUNITY', 'UNITED NATIONS DEVELOPMENT PRO']",Non-VF,7,,0.0,0.0,"This Project is designed to contribute to achieving Energy Efficiency in households, industry and public utilities, and buildings through the implementation of the seven key Energy Efficiency actions.",[7],['Others']
454,122808.0,Energy Efficiency Renovation,1055099.0,Serbia,SRB,http://open.undp.org/projects/00122808,['Ministry of Energy (Serbia)'],Non-VF,1,,6000.0,0.0,Energy Efficiency Renovation Programme of Central Government Buildings in line with the Article 5 of the Energy Efficiency Directive (2012/27/EU),"[7, 9]",['Close the energy gap']
456,6388.0,Energy Efficiency in Buildings,1505000.0,Serbia,SRB,https://co.pims.undp.org/project/view?id=6388,GEF,VF,6,,27500.0,146000.0,,,
457,6285.0,Circular Economy in Serbia,1777000.0,Serbia,SRB,https://co.pims.undp.org/project/view?id=6285,GEF,VF,2,,0.0,0.0,,,
458,127312.0,"EU for Green Agenda in Serbia: Get started, Take action, Scale-up",7200000.0,Serbia,SRB,https://www.undp.org/serbia/projects/eu-green-agenda-serbia,EU,Non-VF,4,,0.0,0.0,,,
459,129089.0,Green Agenda in Serbia,4905556.0,Serbia,SRB,https://www.undp.org/serbia/projects/eu-green-agenda-serbia,SDC,Non-VF,3,,0.0,0.0,,,
460,132184.0,Green Agenda in Serbia,2222222.0,Serbia,SRB,https://www.undp.org/serbia/projects/eu-green-agenda-serbia,SECO,Non-VF,4,,0.0,0.0,,,
461,132059.0,Rural Energy Market Transform (AREMTI),21398843.0,Afghanistan,AFG,https://open.undp.org/projects/00132059,['GREEN CLIMATE FUND'],VF,1,,45500.0,0.0,The project will support to transform rural renewable energy markets leading to reduced emissions and strengthen adaptive capacities of the communities around them.,[7],['Others']
464,147445.0, Sustainable Energy Services for Education and Health in Afghanistan (SESEHA),60110220.0,Afghanistan,AFG,https://open.undp.org/projects/00147445,['KREDITANSTALT FUR WIEDERAUFBAU'],Non-VF,1,,1000000.0,0.0,Sustainable Energy Services for Education and Health in Afghanistan (SESEHA),[],['Others']
465,1000372.0,ABADEI 2.0,8726624.0,Afghanistan,AFG, ,Government of Japan,Non-VF,1,,1188687.0,0.0,,,
466,138844.0,ABADEI 1.0 (PIP),12895159.0,Afghanistan,AFG,https://open.undp.org/projects/00138844,"Government of Japan, UNDP",Non-VF,2,,168839.99999999997,0.0,,,
467,143651.0,Strengthening Community Safety Well-being and Humanitarian Security in Afghanistan ,1253880.0,Afghanistan,AFG, ,Government of Japan,Non-VF,1,,0.0,0.0,,,
468,88841.0,Afghanistan Sustainable Energy for Rural Development (ASERD),12846044.0,Afghanistan,AFG, ,"['GOVERNMENT OF REPUBLIC OF KOREA', 'UNITED NATIONS DEVELOPMENT PRO']",Non-VF,1,,1607999.9999999998,0.0,"Economic growth is accelerated to reduce vulnerabilities and poverty, strengthen the resilience of the licit economy and reduce the illicit economy in its multiple dimensions","[1, 7]","['Others', 'Keeping people out of poverty']"
476,122244.0,Community-based Agriculture and Development Project,30892000.0,Afghanistan,AFG,https://open.undp.org/projects/00122244,Us Int'L Narcotics & Law Enfmnt Affairs,NON-VF,1,,0.0,0.0,,,
477,00131399 (UNDP CO TRAC),National Human Development Report (NHDR) on Energy-Induced Vulnerabilities in the Kyrgyz Republic,164532.0,Kyrgyzstan,KGZ,https://www.undp.org/kyrgyzstan/projects/national-human-development-report-2024-energy-induced-vulnerabilities,UNDP (funded by TRAC),Non-VF,3,,0.0,0.0,,,
478,104020,Electrification Rurale et Autonomisation des Femmes,6930933.0,Haiti,HTI,http://open.undp.org/projects/00104020,"['GOVERNMENT OF JAPAN', 'GOVERNMENT OF UNITED ARAB EMIRATES', 'UNITED NATIONS DEVELOPMENT PRO']",Non-VF,1,,44000.0,0.0,Ce projet contribuera au développement économique en favorisant un accès équitable aux services électriques des 3 communes reculees du departement du Nord-Est dHaiti en particulier en appui aux femmes en tete de micro entreprises.,"[13, 5, 7]",['Close the energy gap']
483,128342,Installation Pompes Solaires,1858988.0,Haiti,HTI,http://open.undp.org/projects/00128342,India,Non-VF,1,,40000.0,0.0,,,
484,120474.0,Transition to sustainable energy and economy,662997.0,Prog for Palestinian People,PSE,http://open.undp.org/projects/00120474,Japan,Non-VF,5,,434169.75,0.0,,,
485,132972.0,GO SOLAR| Renewable Energy Investments at Education and Public Facilities in East Jerusalem,2300000.0,Prog for Palestinian People,PSE,http://open.undp.org/projects/00132972,Norway,Non-VF,1,,1.6,0.0,,,
486,133802.0,Solar for margenalized communites in the West Bank,300000.0,Prog for Palestinian People,PSE,http://open.undp.org/projects/00133802,Funding Window ,Non-VF,2,,40250.0,0.0,,,
487,122659.0,Climate Action for Human Security (Regional project component),149000.0,Iraq,IRQ,http://open.undp.org/projects/00122659,['UNITED NATIONS DEVELOPMENT PRO'],Non-VF,1,,1500.0,0.0,support vulnerable critical ecosystems and climate resilient livelihoods for the people and the Government of Iraq. The project will also promote local solar solutions for expansion of education services.,"[13, 7]",['Promote nature-based solutions for a sustainable planet']
488,122627.0,Climate Action for Human Security ,922000.0,Iraq,IRQ,,SIDA,Non-VF,2,,1500.0,0.0,,,
489,6487.0,Promoting Carbon Reduction Through Energy Efficiency (EE) Techniques in Iraq,3092009.0,Iraq,IRQ,https://co.pims.undp.org/project/view?id=6487,GEF,VF,4,,2800.0,531628.0,,,
490,85156.0,"Iraq Crisis Recovery and Resilience Program (ICRRP), Output 3: Resilience Of Vulnerable Communities To Climate Change Enhanced Through Access To Renewable Energy",4250000.0,Iraq,IRQ,https://open.undp.org/projects/00085156,USAID,Non-VF,7,,70400.0,0.0,,,
491,125754.0,Mainstreaming Environmental Sustainability and Clean Energy Access in the 3RP: The Case for Action: Renewable Energy Training for Forcibly Displaced and Vulnerable Young Men and Women in Iraq  ,55000.0,Iraq,IRQ,,Govt. of Finland,Non-VF,1,,0.0,0.0,,,
492,89459.0,Funding Facility for Stabilization,11182694.0,Iraq,IRQ,https://open.undp.org/projects/00089459,USAID,Non-VF,8,,4592965.0,0.0,,,
493,116195.0,Supporting recovery and stability through local development in Iraq,6148000.0,Iraq,IRQ,,Multidonor,Non-VF,7,,53100.0,0.0,,,
494,5304.0,Urban Transport,2639726.0,Philippines,PHL,https://co.pims.undp.org/project/view?id=5304,GEF,VF,3,,93645.64023481136,0.0,,,
495,5194.0,DREAMS,5200000.0,Philippines,PHL,https://co.pims.undp.org/project/view?id=5194,GEF,VF,16,,1922100.0,205000.0,,,
496,85377.0,Joint Programme on Charcoal,8652596.0,Somalia,SOM,http://open.undp.org/projects/00085377,"['MINISTERIO DE ENERGIA', 'UNITED NATIONS DEVELOPMENT PRO', 'United Nations Multi Partner Trust Fund for Somalia']",Non-VF,2,,394695.84,0.0,This Joint Programme is in response to the UN Security Council resolution 2036 (2012) that seeks international cooperation to ban illegal exports of Charcoal from Somalia.,"[1, 13, 7]",['Close the energy gap']
503,6328.0,Somalia national child project - Africa Minigrids Program (AMP),3276147.0,Somalia,SOM,PIMS+,GEF,VF,1,,66670.0,0.0,,,
504,133229.0,COVID 2.0- Beyond Recovery COVID-19,668218.0,India,IND,http://open.undp.org/projects/00133229,['UNITED NATIONS DEVELOPMENT PRO'],Non-VF,2,,25000.0,0.0,"‘Green Recovery Pathway for India is designed to be a multi-pronged project targeting 4 states focusing on promoting the one health approach, green livelihoods & jobs, social protection & transition to clean energy",[13],['Keeping people out of poverty']
506,116294.0,Energy Efficiency and Thermal Comfort in Buildings,4484357.0,India,IND,PIMS+,"Under this GEF supported project, super EE technologies will be piloted in select public, private buildings across 3 States in India. The total estimated GHG reduction potential from this pilot is estimated to be 26.6 ktCO2 per year ",Non-VF,1,,0.0,0.0,,,
507,1000316.0,Scaling Solar Applications for Agricultural Use,200000.0,India,IND,,This project is being implemented in partnership with International Solar Alliance (ISA) across 10 of its member countries. Estimation : Approx. 87.84 tCO2 per year will be abated,Non-VF,1,,200.0,0.0,,,
508,127730.0,JSB-NZE 2021 project ,1782418.0,India,IND,,The project support by Govt of Japan is being implemented across several States in India. The approximate GHJG emissions abated from the interventions is 778.32 tCo2 equivalent per yr,Non-VF,6,,110948.0,38434.0,,,
509,1000354.0,JSB-NZE 2022 project,695057.0,India,IND,,"The project support by Govt of Japan is being implemented across several States in India. The estimated GHG emissions abated from the interventions is 92,500 tCo2 equivalent per yr (only from interventions in Steel sector. The GHG emissions abated from other interventions will be calculated based on the sizes of actual units deployed)",Non-VF,5,,100.0,92500.0,,,
510,134123.0,Accès aux énergies propres dans les zones rurales du Liptako Gourma,8498746.0,Mali,MLI,https://open.undp.org/projects/00134123,ASDI,Non-VF,4,,360000.0,0.0,,,
511,125461.0,Femmes illuminant les chemins vers la paix,1500000.0,Mali,MLI,https://open.undp.org/projects/00125461,UN Peacebuilding Fund (PBF),Non-VF,3,,1000.0,0.0,,,
512,121587.0,"Energie solaire, télésanté et protection sociale pour transformer la santé communautaire au Mali (SanDi)/RFF",6000000.0,Mali,MLI,https://open.undp.org/projects/00127675,GEF/UNDP,Non-VF,3,,23825.0,0.0,,,
513,129014.0,Africa Migrid Program,1780000.0,Mali,MLI,,GEF/UNDP,Non-VF,6,,197420.0,16929.0,,,
514,124853.0,Ten Country: Scaling Solar Applications for Agricultural Use,200000.0,Mali,MLI,,ISA/India,Non-VF,2,,600.0,0.0,,,
515,CIV10- CIV10-00131158,"Engagement des jeunes et des femmes pour la prévention des crises, la stabilité sociale, la consolidation de la paix et la réduction de la violence communautaire dans le nord de la Côte d'Ivoire",-1.0,Cote d'Ivoire,CIV,https://undp.sharepoint.com/:w:/r/teams/CIV/Archive/Unite%20Programme/Portfeuille%20gouvernance/Prodoc_PVE_RC_Version%20du%2008042022_finale.doc?d=w3ccf70e3a98f49ed99731f086fb1f089&csf=1&web=1&e=mlUAt4,Allemagne,Non-VF,1,,50000.0,0.0,,,
516,5989.0,Sustainable Energy Access,3540468.0,Angola,AGO,https://co.pims.undp.org/project/view?id=5989,GEF,VF,1,,68444.0,0.0,,,
517,5331.0,Angola Charcoal,4620000.0,Angola,AGO,https://co.pims.undp.org/project/view?id=5331,GEF,VF,3,,10000.0,1.609,,,
518,143527.0,Angola TRAC 2 Programming,3620000.0,Angola,AGO,https://open.undp.org/projects/00143527,TRAC2,,2,,5000.0,0.0,,,
519,1000194,Strengthening Systems Approach for SDGs in Mongolia (SASiM),50000.0,Mongolia,MNG,https://open.undp.org/projects/01000194,,Non-VF,1,,0.0,0.0,,,
520,1001571,A Holistic Approach to Women's Empowerment and Renewable Energy Transition in Ulaanbaatar,241888.0,Mongolia,MNG,https://open.undp.org/projects/01001571,,,1,,0.0,0.0,,,
521,107518.0,NDC Support Project,931500.0,Thailand,THA,https://undp.sharepoint.com/:f:/r/teams/THA/IntegratedProgrammeTeam/IGSD%20Document/IGSD%20Document/Support%20document%20on%20Tracking%20the%20Energy%20Moonshot/00107518%20NDC%20Support?csf=1&web=1&e=DJOLKl,,Non-VF,1,,0.0,0.0,,,
522,124794.0,"Achieving Sustainable Low Carbon Growth in the City through Electrified Urban Transport System in Thailand (E-Transport in LCC)"" UNDP-UK PACT Project",641793.0,Thailand,THA,https://undp.sharepoint.com/:f:/r/teams/THA/IntegratedProgrammeTeam/IGSD%20Document/IGSD%20Document/Support%20document%20on%20Tracking%20the%20Energy%20Moonshot/00124794%20E-Transport%20in%20LCC?csf=1&web=1&e=VaOW8z,,Non-VF,2,,0.0,0.0,,,
523,6384.0,E-Mobility Strategy Peru,1784862.0,Peru,PER,https://co.pims.undp.org/project/view?id=6384,GEF,VF,3,,14000.0,178460.0,,,
524,"5476, 97769",Green Energy SME Development Project,491740.75,Tajikistan,TJK,https://open.undp.org/projects/00097769,GEF,VF,11,,46992.0,0.0,,,
525,CKT-NGA10-2022-030,"DRILLING OF TWO (2) MIDDLE AQUIFER BOREHOLES IN BANKI POLICE BARRACK AND IMMIGRATION QUATER PREMISES BANKI, BAMA LGA BORNO STATE",29406.544502617802,Nigeria,NGA,,,Non-VF,1,,52.0,0.0,,,
526,UNDP-NGA10-2022-015 ,"PROVISION AND INSTALLATION OF 160 SOLAR STREET LIGHTS AT
500 HOUSING UNIT, BANKI TOWN, BAMA LGA, BORNO STATE",48597.126701570676,Nigeria,NGA,,,Non-VF,1,,46000.0,0.0,,,
527,NGA10-0000026575,"PROVISION AND INSTALLATION OF 12 SOLAR STREET LIGHTS BANKI TOWN, BAMA LGA, BORNO STATE",3644.784502617801,Nigeria,NGA,,,Non-VF,1,,140.0,0.0,,,
528,UNDP-NGA10-2022-016,"PROVISION AND INSTALLATION OF 145 SOLAR STREET LIGHTS AT
500 HOUSING UNIT, DAMBOA TOWN, DAMBOA LGA, BORNO STATE",44041.146073298434,Nigeria,NGA,,,Non-VF,1,,24000.0,0.0,,,
529,NGA10-0000026576,"SUPPLY AND INSTALLATION OF 5KVA INVERTER SYSTEM WITH SOLAR
PANEL IN PRIMARY SCHOOL, BANKI",4852.29057591623,Nigeria,NGA,,,Non-VF,1,,400.0,0.0,,,
530,CKT-NGA10-2021-63,"PROVISION AND INSTALLATION OF SOLAR POWERED STREETLIGHTS AT NGARANNAM, MAFA LGA, BORNO STATE (LOT 1)",123645.6719895288,Nigeria,NGA,,,Non-VF,1,,2520.0,0.0,,,
531,CKT-NGA10-2021-64,"PROVISION AND INSTALLATION OF SOLAR POWERED STREETLIGHTS AT NGARANNAM, MAFA LGA, BORNO STATE (LOT 2)",123645.6719895288,Nigeria,NGA,,,Non-VF,1,,2520.0,0.0,,,
532,10046575,"Provision & Installation of Solar Powered Streetlights along Trench Line, Ngarannam, Mafa L.G.A, Borno State",112989.42553664921,Nigeria,NGA,,,Non-VF,1,,2521.0,0.0,,,
533,CKT-NGA10-2021-62,"Construction of Drilling, Installation and Reticulation of Two (2) Deep Aquifer (Underground Water Wells) Solar Driven Boreholes at Ngarannam, Mafa LGA, Borno State",128501.30890052357,Nigeria,NGA,,,Non-VF,1,,2521.0,0.0,,,
534,UNDP-NGA10-2022-087,"Construction works at Primary Health Care Centre in Jajere community, Fune LGA in Yobe
State",103632.90418848167,Nigeria,NGA,,,Non-VF,1,,3000.0,0.0,,,
535,NGA10-0000026603,"SUPPLY AND INSTALLATION OF 5KVA INVERTER SYSTEM WITH SOLAR
PANEL IN NGARANNAM POLICE OUTPOST MAFA LGA, BORNO STATE",6832.787958115183,Nigeria,NGA,,,Non-VF,4,,70245.0,0.0,,,
536,145011.0,JP Food/Energy Resilience,99070.0,Georgia,GEO,http://open.undp.org/projects/00145011,"['MPTFO - Joint SDG Fund (previously known as The Joint Fund for the 2030 Agenda)', 'UNITED NATIONS DEVELOPMENT PRO']",Non-VF,1,,0.0,0.0,"JP Development Emergency Modality – Response to the Global Crisis on Food, Energy, Finance . Lead: UNDP, PUNOs: ILO, FAO, UNECE",[10],"['Strengthen effective, inclusive and accountable governance']"
537,1000347.0,Renewable Energy for Sustainable Forest Management and Community Resilience in Machakhela Protected Areas,450000.0,Georgia,GEO,https://www.undp.org/georgia/projects/machakhela-forest-management,,Non-VF,5,,4730.0,0.0,,,
538,101419.0,Improving Rural Development in Georgia (ENPARD 3),2000000.0,Georgia,GEO,https://www.undp.org/georgia/projects/enpard-3,"European Union, Georgia",Non-VF,1,,1857.06,0.0,,,
539,141162.0,Support to sustainable and climate-friendly forest management practices in Georgia  ,926659.0,Georgia,GEO,https://www.undp.org/georgia/projects/sustainable-forest-management,,Non-VF,1,,171.0,0.0,,,
540,6327.0,Djibouti national child project - Africa Minigrids Program (AMP),3071347.0,Djibouti,DJI,PIMS+,GEF,VF,2,,19146.0,39717.0,,,
541,6202.0,Djibouti clean energy rural mini-grids project,863242.0,Djibouti,DJI,PIMS+,GEF,VF,1,,10000.0,0.0,,,
542,9691.0,"Enhancing the enabling environment for investment in renewable energy technologies in the Obock Region, Djibouti (under formulation)",1776484.0,Djibouti,DJI,PIMS+,GEF,VF,1,,0.0,0.0,,,
543,1003161.0,New Energy Agriculture Project in Djibouti,75000.0,Djibouti,DJI,https://open.undp.org/projects/01003161,China Merchants,Non-VF,1,,0.0,0.0,,,
544,"5957, 117647",Energy Efficiency through the Development of Low-carbon RAC Technologies in Trinidad and Tobago,5152392.0,Trinidad & Tobago,TTO,https://open.undp.org/projects/00117647 https://co.pims.undp.org/project/view?id=5957,GEF,VF,7,,0.0,651000.0,,,
545,112038, Global Climate Change Alliance Plus Trinidad and Tobago  “Support to the  Implementation of Trinidad and Tobago’s Nationally Determined Contribution”,2665440.0,Trinidad & Tobago,TTO,https://open.undp.org/projects/00112038,European Commission,Non-VF,9,,1890.0,,,,
546,TRI/SGP/OP7/YI/CORE/CC/22/09,"Improving community climate resilience in Matelot by implementing green solutions to address its electricity, water and food limitations.",26000.0,Trinidad & Tobago,TTO,https://sgp.undp.org/spacial-itemid-projects-landing-page/spacial-itemid-project-search-results/spacial-itemid-project-detailpage.html?view=projectdetail&id=32045 ,GEF SGP ,VF,1,,200.0,0.0,,,
547,121872,Climate Promise 2 (Energy Workstream),500000.0,Ghana,GHA,https://open.undp.org/projects/00104888,BMWK,Non-VF,1,,0.0,0.0,,,
548,117898,Promoting Energy-Related Low Carbon Urban Development in Bangladesh (LCUD),3767810.0,Bangladesh,BGD,https://open.undp.org/projects/00117898,GEF,Non-VF,3,,10500.0,0.0,,,
549,116395,Bangladesh Enabling Electric Vehicles Adoption (BEEVA) in the Framework of Sustainable Energy-based Transportation ,1788991.0,Bangladesh,BGD,,GEF,Non-VF,4,,673125.0,0.0,,,
550,93848,Adaptation Initiative for Climate Vulnerable Offshore Small Islands and Riverine Charland in Bangladesh,9212322.0,Bangladesh,BGD,https://open.undp.org/projects/00093848,Adaptation Fund,Non-VF,3,,1050.1860000000001,0.0,,,
551,85984,Local Government Initiative on Climate Change (LoGIC),35200000.0,Bangladesh,BGD,https://open.undp.org/projects/00085984,"(EU-17.05m, SIDA-17.97m)",Non-VF,3,,27188.000000000004,0.0,,,
552,00110796(AC Unit) & 00117012 (PMU),HCFC Phase-Out Management Plan (HPMP Stage-II) For Compliance with the 2020 and 2025 Control Targets Under the Montreal Protocol,5356014.0,Bangladesh,BGD,HPMP II (AC Unit); HPMP II (PMU),MLF,Non-VF,4,,79732.0,0.0,,,
553,134586,Climate Promise: From Pledge to Impact,475000.0,Bangladesh,BGD,,Government of Germany,Non-VF,1,,0.0,0.0,,,
554,93849,Improved Cooking Stoves in CHT area (under A2I project),150000.0,Bangladesh,BGD,https://open.undp.org/projects/00093849,"Government of Bangladesh-50 million, Other donors (Gate Foundation, FB, Vital strategy, etc.): 9 million)",Non-VF,5,,29173.3,0.0,,,
555,105918,Bangladesh: First Biennial Update Report to the UNFCCC,489000.0,Bangladesh,BGD,https://open.undp.org/projects/00105918,GEF,Non-VF,1,,0.0,0.0,,,
556,104187,(Suspended until Nov 2023) Rural Renewable Energy,4934228.0,Myanmar,MMR,https://open.undp.org/projects/00104187,['Global Environment Fund Truste'],Non-VF,3,,237164.0,20508.0,Facilitate expansion of rural renewable energy services and productive applications in Myanmar,[13],['Promote nature-based solutions for a sustainable planet']
557,111777,Governance for Resilience and Sustainability Project ,716641.0,Myanmar,MMR,https://open.undp.org/projects/00111777,,Non-VF,3,,7106.48,0.0,,,
558,missing-MMR-1,"UNDP-SPM Partnership for rural electrification
(Concept developed subject to resource mobilization)",1348200.0,Myanmar,MMR,,in search of donor,Non-VF,22,,0.0,0.0,,,
559,112026,Promoting the use of solar technologies for agricultural and rural development in Cambodia and Myanmar,2285334.0,Myanmar,MMR,https://open.undp.org/projects/00112026,"Ministry of Agriculture, Food and Rural Affairs (MAFRA), Republic of Korea",Non-VF,4,,65000.0,0.0,,,
560,100551.0,"Apoyo a las políticas de ciencia, tecnología e innovación de la Provincia de Buenos Aires",2317196.0,Argentina,ARG,http://open.undp.org/projects/00100551,"['ARG-GOBIERNO', 'UNITED NATIONS DEVELOPMENT PRO', 'UZB-COMMITTEE OF STATE PROPERT']",Non-VF,1,,0.0,0.0,"Apoyo a las políticas de ciencia, tecnología e innovación de la Provincia de Buenos Aires","[7, 8, 9]","['Strengthen effective, inclusive and accountable governance']"
566,129530.0,Modernización del Banco de la Nación Argentina,4235601.0,Argentina,ARG,http://open.undp.org/projects/00129530,['ARG-GOBIERNO'],Non-VF,1,,0.0,0.0,Modernización del Banco de la Nación Argentina: integridad y eficiencia al servicio del Desarrollo Humano.,"[11, 16]","['Strengthen effective, inclusive and accountable governance']"
569,96640.0,Modelos de negocios para la producción de biogas,2779849.0,Argentina,ARG,"https://open.undp.org/projects/00096640
https://erc.undp.org/evaluation/documents/detail/21605",['Global Environment Fund Truste'],Non-VF,5,,4025.0,0.0,"El Proyecto prevé demostrar el potencial del biogás, con énfasis en el gas procedente de rellenos sanitarios, para la generación de energía a partir de residuos sólidos municipales orgánicos en centros urbanos medianos en la Argentina","[1, 12, 13, 7]",['Keeping people out of poverty']
575,116913.0,implement & update NDC in energy&indust-process sectors,792240.0,Tunisia,TUN,http://open.undp.org/projects/00120928,"Name oF Donor: GOVERNMENT OF GERMANY  and   GOVERNMENT OF TUNISIA

UNDP|04000|TRAC (Lines 1.1.1 and 1.1.2)|00012|UNITED NATIONS DEVELOPMENT PRO
                                                                                                                                                                                                                                                                                                 DOnor ID: 28310/12711
3000/00117
",Non-VF,8,,0.0,0.0,,,
576,123693.0,Supporting the acceleration of the NDC ambition,1080000.0,Tunisia,TUN,http://open.undp.org/projects/00123693," Name of Donor: GOVERNMENT OF GERMANY
UNDP|28310|CCDRR-CC-Global|12711|UNDP Funding Windows
                                                                                          Donor ID: 28310/12711",Non-VF,5,,0.0,0.0,,,
577,6686.0,Towards Sustainable cities in Tunisia,846906.0,Tunisia,TUN,https://co.pims.undp.org/project/view?id=6686,UNDP|04000|TRAC (Lines 1.1.1 and 1.1.2)|00012|UNITED NATIONS DEVELOPMENT PRO             UNDP|62000|GEF Voluntary Contribution |10003|Global Environment Fund Truste,VF,1,,0.0,0.0,,,
578,1000769.0,Leapfrogging Tunisia’s lighting market to high efficiency technologies,1164816.0,Tunisia,TUN,"https://www.thegef.org/projects-operations/projects/9498
https://open.undp.org/projects/01000769","UNEP, UNDP",Non-VF,12,,0.0,0.0,,,
579,136365.0,EE and Retrofits in Turkestan Secondary School,150000.0,Kazakhstan,KAZ,http://open.undp.org/projects/00136365,['AgipCaspian Sea B.V.'],Non-VF,1,,0.0,0.0,Scaling-up the Energy Efficiency/Energy Saving and Retrofits in the Secondary School of the Turkestan Region of Kazakhstan,[13],['Keeping people out of poverty']
581,130007.0,Attracting investors in the field of energy efficiency,8325000.0,Kazakhstan,KAZ,http://open.undp.org/projects/00130007,['GOVERNMENT OF KAZAKHSTAN'],Non-VF,1,,0.0,0.0,"The Project aims to advance energy efficiency of buildings, infrastructure, and other facilities by attracting investment from investors and financial institutions to small and medium-sized enterprises.","[7, 9]",['Keeping people out of poverty']
583,112788.0,"Forest Carbon Offset Mechanisms, Bitfury initiative",798748.0,Kazakhstan,KAZ,http://open.undp.org/projects/00112788,['Bitfury V.B.LLP'],Non-VF,2,,0.0,5000000.0,Assistance to the Republic of Kazakhstan in fulfilling international obligations to reduce greenhouse gas emissions by reducing the carbon footprint of electricity suppliers for the leading technology company Bitfury,"[1, 15]",['Promote nature-based solutions for a sustainable planet']
587,5703.0,UNEP Efficient Appliances Global PFD,3500000.0,Kazakhstan,KAZ,https://co.pims.undp.org/project/view?id=5703,GEF,VF,4,,0.0,0.0,,,
588,5490.0,De-risking Renewable Energy Investment,4510000.0,Kazakhstan,KAZ,https://co.pims.undp.org/project/view?id=5490,GEF,VF,4,,72250.0,0.0,,,
589,4670.0,"Urban NAMA



Overall, NAMA investments on energy efficiency have contributed to an improved quality of life, creating a healthier and more sustainable environment for 311,799 beneficiaries (of which 58% are women and children). The Project has provided strong support to the GoK to develop and implement NAMAs in the urban sector to achieve voluntary national GHG emission reduction targets. This has resulted in a strong commitment by the GoK to continue with EE technology demonstrations, especially related to building modernization that includes heating and hot water systems modernization and the insulation of the building envelope.",5930000.0,Kazakhstan,KAZ,https://co.pims.undp.org/project/view?id=4670,GEF,VF,1,,311799.0,0.0,,,
590,125105.0,"Just transition – green biofuel to benefit women in rural areas of 
Kazakhstan.",300000.0,Kazakhstan,KAZ,https://open.undp.org/projects/00125105,"['GOVERNMENT OF KAZAKHSTAN', 'Romanian Agency for International Development Cooperation', 'The Coca-Cola Foundation', 'UNDP Funding Windows', 'UNITED NATIONS DEVELOPMENT PRO']",Non-VF,2,,0.0,0.0,Engagement facility is aimed to provide a rapid and flexible response mechanism to support upstream policy results and test innovations with scaling-up potential.,"[1, 12, 13, 15, 16, 17, 7, 9]","['Others', 'Keeping people out of poverty', 'Strengthen effective, inclusive and accountable governance', 'Promote nature-based solutions for a sustainable planet', 'Strenghten gender equality and the empowerment of women and girls']"
594,4283.0,GTALCC,4354794.0,Malaysia,MYS,https://co.pims.undp.org/project/view?id=4283,GEF,VF,4,,0.0,346442.0,,,
595,5885.0,Low Carbon project,2912702.0,Guinea-Bissau,GNB,https://co.pims.undp.org/project/view?id=5885,GEF,VF,4,,46930.0,284181.0,,,
596,136664.0,Energy efficiency for improved air quality in Pljevlja,608124.0,Montenegro,MNE,http://open.undp.org/projects/00136664,"['Municipality of Pljevlja, Montenegro', 'UNITED NATIONS DEVELOPMENT PRO']",Non-VF,1,,0.0,0.0,"Energy efficiency for improved air quality in Pljevlja will enable development and implementation of an inclusive, long-term program to subsidize energy efficiency measures, and the development of a local Environment Protection Action Plan.","[11, 13, 9]",['Keeping people out of poverty']
598,103520.0,Private Sector in Dev.Coopera (RMF Just Transition),120950.0,Montenegro,MNE,Public and Private Finance for Development | UNDP Transparency Portal,"Slovak Ministry of Finance, Municipality Pljevlja",Non-VF,2,,0.0,0.0,,,
599,1002359.0,Strengthening capacities for increasing energy efficiency in residential sector in Montenegro,540750.0,Montenegro,MNE,https://open.undp.org/projects/01002359,European Commission,Non-VF,4,,0.0,0.0,,,
600,85085,Territorios resilientes cadena volcánica,-1.0,Guatemala,GTM,https://www.marn.gob.gt/proyecto-promoviendo-territorios-sostenibles-y-resilientes-en-paisajes-de-la-cadena-volcanica-central-en-guatemala/,,Non-VF,1,,1000.0,0.0,,,
601,6249,Green Sharm El Sheikh,6212694.0,Egypt,EGY,PIMS+,GEF,VF,1,,17500.0,0.0,,,
602,4998,Grid-connected Small-Scale Photovoltaic Syste,3536364.0,Egypt,EGY,PIMS+,GEF,VF,1,,315000.0,0.0,,,
603,130275,Promote small-scale PV-UNDP-EGY,1103288.0,Egypt,EGY,Quantum ,Japan,Non-VF,1,,22750.0,0.0,,,
604,130610,Multilateral Support to COP27,1500000.0,Egypt,EGY,Qunatum,EU,Non-VF,1,,26250.0,0.0,,,
605,132255.0,Projet d’Electrification  Rurale en Zones Isolées (PERZI),329490000.0,Mauritania,MRT,,"Gouvernment, UNDP, ",Non-VF,3,,300000.0,0.0,,,
606,131201.0,Paix Verte,157000.0,Mauritania,MRT,,PBF,Non-VF,1,,1730.9999999999998,0.0,,,
