,Project ID,Project Title,Budget,Country,Country Code,Link,Donors,VF or Non-VF,Output Count
0,117913.0,Résilience des communautés et des écosystèmes,3459600.0,Togo,TGO,http://open.undp.org/projects/00117913,UNDP,Non-VF,3
1,134793.0,Accès aux énergies renouvelables en milieu rural au Togo,1431552.0,Togo,TGO,http://open.undp.org/projects/00134793,UNDP,Non-VF,3
2,91204.0,Apoyo a la Modernización de La Gestión Ambiental,4202031.0,Panama,PAN,https://open.undp.org/projects/00082182,"UNDP (TRAC 4000) CLIMATE PROMISE (28708) - NDC Partnership (PAF)
Aes Panamá S.R.L
Federal Ministry For The Environment, Nature Conservation And Nuclear Safety
Pan-Government",Non-VF,1
3,133871.0,Beyond Recovery COVID19 Energy,473000.0,Panama,PAN,"https://www.undp.org/es/panama/noticias/dos-aguas-y-un-proyecto-de-energia-solar-para-alcanzar-energia-sostenible

https://open.undp.org/projects/00133871","UNDP (TRAC 4001) Donor 00012
",Non-VF,2
4,6613,Africa Mini-grids Program,1363947.0,Zambia,ZMB,PIMS+,,VF,3
5,missing-ZMB-1,Solar For health,,Zambia,ZMB,,,Non-VF,2
6,missing-ZMB-2,Greening UNDP Office,222653.39,Zambia,ZMB,,"UNDP, UNICEF, UNFPA, UNCDF, RCO, UNDSS, UNCTAD, DCO.",Non-VF,1
7,126170.0,Access to Clean and Renewable Energy,3379000.0,Malawi,MWI,http://open.undp.org/projects/00126170,UNDP,Non-VF,6
8,6512.0,GEF Africa Minigrids Program,396125.0,Malawi,MWI,PIMS+,GEF,VF,3
9,5728,LED and high efficiency transformers in SA,5000000.0,South Africa,ZAF,PIMS+,,VF,2
10,5256,South Africa Wind Energy Project (Phase II),3554250.0,South Africa,ZAF,PIMS+,Department of Energy. South Africa,VF,4
11,missing-ZAF-1,Just Energy Transition Platform,273333.0,South Africa,ZAF,,UNDP LVGA,Non-VF,1
12,missing-ZAF-2,Just Inclusive Energy Transition ,1000000.0,South Africa,ZAF,,Japan,Non-VF,10
13,5669.0,IMPRESS,6075828.0,Samoa,WSM,PIMS+,,VF,5
14,1000418.0,CAP-IT,15175755.0,Samoa,WSM,,,Non-VF,5
15,6037.0,AREAN,3321563.0,Samoa,WSM,PIMS+,,VF,5
16,120029.0,Sustainable Energy Programme,15436128.0,Lebanon,LBN,http://open.undp.org/projects/00120029,EU,Non-VF,2
17,6468.0,Lebanon Sustainable Low-emission Transport Systems,3552968.0,Lebanon,LBN,"PIMS+
https://www.thegef.org/projects-operations/projects/10358",GEF,VF,1
18,143571.0,BRA/22/007 Desenvolvimento Sul do Piaui,1733569.0,Brazil,BRA,https://open.undp.org/projects/00143571,,Non-VF,3
19,6403.0,Electric Mobility Jamaica,1784862.0,Jamaica,JAM,PIMS+,GEF,VF,6
20,6163,AIM-WELL: Algeria Integrated Management of Waste Energy at the Local Level,4416210.0,Algeria,DZA,PIMS+,GEF,VF,1
21,145179,Support to Algeria energy transition,400000.0,Algeria,DZA,https://open.undp.org/projects/00145179,UNDP,Non-VF,1
22,missing-DZA-1,Italy UNDP Energy Partnership-Algeria,10000.0,Algeria,DZA,https://www.undp.org/romecentre/undp-italy-energy-partnership,Government of Italy ,,1
23,106770.0,Enhanced Rural Resilience in Yemen II,24261743.0,Yemen,YEM,http://open.undp.org/projects/00106770,EU and SIDA,Non-VF,8
24,135714.0,"Supporting Resilient Livelihoods, Food Security and Clim",2727783.0,Yemen,YEM,http://open.undp.org/projects/00135714,EU and SIDA,Non-VF,6
25,137393.0,Renewable Energy Improved Access to Health Services,463769.0,Yemen,YEM,http://open.undp.org/projects/00137393,KUWAIT FUND FOR ARAB ECONOMIC DEVELOPMENT,Non-VF,4
26,137462,Piloting e-mobility within Belize’s Public Transport Sys,5244326.91,Belize,BLZ,http://open.undp.org/projects/00137462,EU,Non-VF,5
27,118209,Engender ,120000.0,Belize,BLZ,,"FCDO, GAC",Non-VF,1
28,missing-countryCode-1,Photovoltaics in Punta Negra- Accessing Low Carbon Energy.,50000.0,Belize,BLZ,,GF,,1
29,63735.0,"Policy
Reforms and Market Transformation of the Energy Efficient Buildings Sector
of the I.R. Iran (EEEB)",4000000.0,Iran,IRN,https://open.undp.org/projects/00063735,GEF,Non-VF,5
30,124835,Tiendas Comunitarias - La Guajira,-1.0,Colombia,COL,"https://www.undp.org/es/colombia/news/en-la-guajira-mujeres-rurales-lideran-tiendas-comunitarias-para-su-empoderamiento-econ%C3%B3mico
https://www.youtube.com/watch?v=6vtlQRzqaUw
https://open.undp.org/projects/00132166","Donor 00012: UNDP's Rapid Response Facility (RRF2) program https://www.undp.org/press-releases/covid-19-30-million-rapid-response-facility-launched-vulnerable-countries

Donor 00012: CO UNDP Funding
https://www.undp.org/es/colombia",Non-VF,1
31,118585,Tiendas Comunitarias - Chocó,-1.0,Colombia,COL,"https://pnudcolombia.exposure.co/juntas-y-poderosas

https://www.youtube.com/watch?v=h6buc3MubaY

https://open.undp.org/projects/00123292","Donor 12641: The United Nations Multi-Partner Trust Fund for Sustaining Peace in Colombia / (Previously Known As Mptf-Colombia Post-Conflict Unmptf)
https://mptf.undp.org/

Donor 00012: CO UNDP Funding
https://www.undp.org/es/colombia",Non-VF,1
32,101702,"
Implement collective reparation measures in 7 ethnic communities and one non-ethnic community in photovoltaic power lines and definition of sustainability strategy",-1.0,Colombia,COL,https://open.undp.org/projects/00098331,"Donor 12844 Victims Unit (Government of Colombia) 
https://www.unidadvictimas.gov.co/es/

Donor 10503: Norwegian Government
https://www.regjeringen.no/en/id4/",Non-VF,1
33,6469.0,Comoros national child project - Africa Minigrids Program (AMP),1269863.0,Comoros,COM,PIMS+,,VF,4
34,5484.0,Comoros Geothermal,5905662.0,Comoros,COM,PIMS+,,VF,3
35,5740.0,Assurer un approvisionnement en eau résilient aux changement climatique aux comores ER2C ,20345141.0,Comoros,COM,Pims +,,VF,1
36,142807.0,Energy Efficiency in Barda and Ganja,885772.0,Azerbaijan,AZE,http://open.undp.org/projects/00142807,"GOV. of Japan, 
UNDP",Non-VF,2
37,6479.0,Energy Efficiency in Buildings – EMIS and Green Social Housing,4521005.0,Azerbaijan,AZE,PIMS+,,VF,1
38,5492 / 00101330,Moldova Green Cities,127500.0,Moldova Republic,MDA,https://www.undp.org/moldova/projects/moldova-sustainable-green-cities,"GEF, UNDP",Non-VF,7
39,130906,Addressing the impacts of the energy crisis in the Republic of Moldova: Initiating solutions toward energy security and energy poverty,649000.0,Moldova Republic,MDA,https://www.undp.org/moldova/projects/addressing-impacts-energy-crisis-republic-moldova,European Union $13.5M,Non-VF,5
40,1000378,"Multidimensional response to emerging human security challenges - ""Biomass revitalization""",2298111.0,Moldova Republic,MDA,https://www.undp.org/moldova/projects/multidimensional-response-emerging-human-security-challenges-moldova,"Japan $ 2,2  (2023)
",Non-VF,1
41,133573,Emergency support for agri-producers /energy technologies ,1983621.0,Moldova Republic,MDA,https://www.undp.org/moldova/projects/emergency-support-agri-producers-context-socio-economic-climate-and-energy-crisis,"Austria (ADA) $670,123 (2024)",Non-VF,1
42,4685,Congo Micro-hydroelectricity,1944133.0,Congo,COG,PIMS+,,VF,1
43,5543.0,A systemic approach for GHG emission,2640000.0,Jordan,JOR,PIMS+,GEF,VF,4
44,114336.0,Mejor calidad de vida en El Seibo,650039.0,Dominican Republic,DOM,http://open.undp.org/projects/00114336,,Non-VF,4
45,10414.0,GEF SGP 7th Operational Phase – Core (Part 2),20919834.0,Dominican Republic,DOM,https://www.thegef.org/projects-operations/projects/10414,,Non-VF,6
46,128651,Stockholm plus 50,94000.0,Sierra Leone,SLE,https://eur03.safelinks.protection.outlook.com/?url=https%3A%2F%2Ffinance.partneragencies.org%2Fpsp%2FUNDPP1FS%2FEMPLOYEE%2FERP%2Fc%2FESTABLISH_AWARDS.GM_BUD_DETAIL.GBL%3FPage%3DPC_BUD_DETAIL2%26BUDGET_PERIOD%3D3%26BUSINESS_UNIT%3DUNDP1%26PC_BUDGET_ID%3D1%26PC_BUD_TYPE%3DC%26PROJECT_ID%3D00128651%26Action%3DU&data=05%7C01%7Ctanzila.sankoh%40undp.org%7C8b842e0b18fc40bce26a08db6cfa8896%7Cb3e5db5e2944483799f57488ace54319%7C0%7C0%7C638223595505234431%7CUnknown%7CTWFpbGZsb3d8eyJWIjoiMC4wLjAwMDAiLCJQIjoiV2luMzIiLCJBTiI6Ik1haWwiLCJXVCI6Mn0%3D%7C3000%7C%7C%7C&sdata=r2G6QQR%2Fxul%2BDT8sJoORs9dWDHelO9mkedvPC1PoM%2Fs%3D&reserved=0,Swedish Government ,Non-VF,1
47,126004,Youth Empowerment and Employment,160000.0,Sierra Leone,SLE,https://estm.fa.em2.oraclecloud.com/fscmUI/faces/FuseWelcome?_adf.ctrl-state=1bhjjzg4kz_5,UNDP (TRAC 2 resources),Non-VF,1
48,122410,Technical and Advisory Support to Electricty sector,7939225.0,Saudi Arabia,SAU,http://open.undp.org/projects/00122410,Gov. of Saudi Arabia,Non-VF,1
49,129076,Project to support the energy transition in the context of the implementation of the NDC ,250000.0,Senegal,SEN,,,Non-VF,1
50,122455,Off-grid Renewable Energy Solutions in Rural Suriname,753663.0,Suriname,SUR,https://open.undp.org/projects/00122455,,Non-VF,1
51,112081.0,NAMA-Investing in Solar PV,982678.0,Gambia,GMB,http://open.undp.org/projects/00112081,,Non-VF,1
52,131568.0,Sare Demba Toro,678110.0,Gambia,GMB,https://open.undp.org/projects/00109904,,Non-VF,3
53,143659.0,"Nature, Climate, Energy, and Resilience Programme",1980000.0,Uganda,UGA,http://open.undp.org/projects/00143659,,Non-VF,5
54,5574.0,NAMA Integrated Wastewater Treatment,2170030.0,Uganda,UGA,PIMS+,,VF,3
55,122398.0,Seventh Operational Phase of the GEF Small Grants Programme in Mexico,50000.0,Mexico,MEX,https://open.undp.org/projects/00128385,,Non-VF,9
56,5299.0,Production of bio methane,2632300.0,Botswana,BWA,PIMS+,,VF,3
57,5831,Low Carbon Technologies and Green Development,1750172.0,Guyana,GUY,https://co.pims.undp.org/project/view?id=5831,GEF,VF,1
58,116770.0,Trilateral Cooperation on Biogas and Solar - Transitioning to Sustainable Energy Uses in public and private institutions including in the Agro-Industry ,2042396.0,Ethiopia,ETH,http://open.undp.org/projects/00120660,"(1) MOFCOM: 1,000,000
(2) Co-financing: 1,042,396",Non-VF,3
59,93964.0, Promoting Sustainable Rural Energy Technologies (RETs) for Household and Productive Uses,73137680.0,Ethiopia,ETH,PIMS+ https://co.pims.undp.org/project/view?id=5200,"
(1) GEF: 4,480,500.00
(2) Co-financing: 69,045,899",VF,9
60,127444.0, National Child Project under the Africa Minigrids Program - Ethiopia,16664577.0,Ethiopia,ETH,PIMS+ https://co.pims.undp.org/project/view?id=6338,"(1) GEF: 2,890,826
(2) Co-financing: 13,773,751",VF,9
61,"6161, 106273",Emissions Trading and MRV in Belarus,840000.0,Belarus,BLR,https://co.pims.undp.org/project/view?id=6161,GEF,"VF, Non-VF",2
62,79213,Bahrain Unit for Sustainable Energy,7254715.0,Bahrain,BHR,http://open.undp.org/projects/00079213,"Gov. of Bahrain, 
Office of Minister of Energy",Non-VF,1
63,107296.0,Support to increased production of and access to renewable energy systems in East and West Sepik Provinces (STREIT),3954035.0,Papua New Guinea,PNG,https://open.undp.org/projects/00106668,EU,Non-VF,5
64,100396.0,Enhancing Green Transformation in the Pacific towards Net-Zero Emissions and Climate-Resilient Development for Peace ,3726000.0,Papua New Guinea,PNG,,Japan,Non-VF,1
65,UNDP-MDG-00132364,Africa mini grids projects,824590.0,Madagascar,MDG,,,Non-VF,6
66,"UNDP-MDG-00129975
UNDP-MDG-00129976",Résilience & Dvpt Territorial ,2286000.0,Madagascar,MDG,,,Non-VF,4
67,UNDP-MDG-00123355,Financement Intégré Energies R,8748560.0,Madagascar,MDG,,,Non-VF,4
68,missing-VEN-1,"Ensuring access to affordable, secure, sustainable and modern energy for all (SDG 7)",1400000000.0,Venezuela,VEN,Not yet available,Can you please provide the donors of the projects ? ,Non-VF,2
69,91460,Sustainable Energy For ALL,720000.0,Lesotho,LSO,5367 Lesotho Sustainable Energy for All (undp.org),,Non-VF,7
70,missing-LSO-1,UNDP Moonshot: Greening the UN House,57000.0,Lesotho,LSO,,,Non-VF,1
71,132730,"Climate Adaptation, Water and Energy Programme",14251782.0,Zimbabwe,ZWE,,FCDO,Non-VF,1
72,132179,TRAC  2 Energy Offer project ,1500000.0,Zimbabwe,ZWE,,TRAC 2,Non-VF,4
73,133752,Joint SDG Fund Project ,45000000.0,Zimbabwe,ZWE,,Joint SDG Fund,Non-VF,1
74,missing-ZWE-1,Solar for Health (S4H),21312267.61,Zimbabwe,ZWE,,Global Fund (Next phase will be funded by GCF),Non-VF,1
75,133742.0,Fortalecimiento institucional CENACE,200000.0,Ecuador,ECU,https://open.undp.org/projects/00146913,,Non-VF,1
76,110180.0,Fortalecimiento a la gestión ambiental,439879.0,Ecuador,ECU,https://open.undp.org/projects/00110105,,Non-VF,3
77,6411,Sustainable Cities Impact Program - Morocco,9416167.0,Morocco,MAR,PIMS+,,VF,1
78,5284,PV pumping systems for irrigation,2639726.0,Morocco,MAR,PIMS+,,VF,1
79,6542.0,PASBET,3439041.0,Pakistan,PAK,PIMS+,GEF,VF,8
80,134230.0,Climate Promise-II ,540000.0,Pakistan,PAK,,Climate Promise ,Non-VF,4
81,124739.0,SIDA UNDP Strategic Collaboration on Env and CC,36443657.0,Bureau Policy & Prog Support,NA,http://open.undp.org/projects/00124739,SIDA,Non-VF,1
82,139866.0,Programme Initiation plan energy hub,1174548.0,Bureau Policy & Prog Support,NA,http://open.undp.org/projects/00139866,,Non-VF,2
83,111467.0,Linking the Kigali Amendment with EE in the RAC Sector,11205031.0,Bureau Policy & Prog Support,NA,http://open.undp.org/projects/00111467,,Non-VF,1
84,90074.0,GCS intervention on environment (Biomass),869916.0,Sri Lanka,LKA,http://open.undp.org/projects/00090074,UNDP,VF,1
85,119366.0,Transitioning to sustainable energy uses for the agro-in,1007201.0,Sri Lanka,LKA,http://open.undp.org/projects/00119366,Gov. of China,VF,3
86,134410.0,MP Projects Sri Lanka,261353.0,Sri Lanka,LKA,http://open.undp.org/projects/00134410,Montreal Protocol,VF,3
87,142290.0,Climate Promise: From Pledge to Impact,324000.0,Sri Lanka,LKA,http://open.undp.org/projects/00142290,SIDA,VF,3
88,145829.0,Mainstreaming E-Mobility Through the Conversion of Tuk-T,1151772.0,Sri Lanka,LKA,http://open.undp.org/projects/00145829,UNDP,VF,2
89,100344.0,Enhancing Food and Energy Security through the promotion of Green Technologies,996991.0,Sri Lanka,LKA,https://open.undp.org/projects/00100344,Japan,VF,3
90,144399.0,Citizen and Private Sector Support for Crisis Relief,43615.0,Sri Lanka,LKA,https://open.undp.org/projects/00144399,"Japan, Thailand, Private Sector, Citi Foundation",,1
91,1000353.0,Strengthening Smallholder Farmers and Micro/Home-Based Agriculture industries for Enhanced Food & Livelihood Security,24533.0,Sri Lanka,LKA,https://open.undp.org/projects/00100353 ,Japan,,1
92,106888,Promotion des Petites Centrales Hydroélectriques/PSA,1500000.0,Central African Republic,CAF,https://open.undp.org/projects/00105867,,Non-VF,1
93,5680,Small hydropower based mini-grids,2645000.0,Central African Republic,CAF,PIMS+,,VF,1
94,142609.0,Assist NDC implementation in Albania,127205.0,Albania,ALB,http://open.undp.org/projects/00142609,Government of Germany; Government of Japan,Non-VF,3
95,125245.0,Croatia Education Recovery Support (Albania),1194743.13,Albania,ALB,https://open.undp.org/projects/00132984,Government of Croatia,Non-VF,3
96,123351.0,Community Infrastructure Support (Albania),2611239.0,Albania,ALB,https://open.undp.org/projects/00129778,Government Of Albania; MPTF-SDGs Aceeleration Fund for Albania,Non-VF,1
97,120786.0,EU4Schools Phase I (Albania),16955148.23,Albania,ALB,https://open.undp.org/projects/00126861,European Commision,Non-VF,1
98,123296.0,EU4Schools Phase II (Albania),67752565.21,Albania,ALB,https://open.undp.org/projects/00129706,European Commision,Non-VF,1
99,115727,Upper Nile University,124570.12,South Sudan,SSD,,Japan,Non-VF,1
100,"00080877, 00097821, 00080982, 00109097",UNDP Country Office ,518743.75,South Sudan,SSD,,UNDP,Non-VF,1
101,93664,State Revenue Authority (SRA),246584.79,South Sudan,SSD,,UNDP,Non-VF,1
102,104022,Police Office Training Facility,186391.71,South Sudan,SSD,,UNDP,Non-VF,2
103,101178,Ministry of Local Government and Law Enforcement ,149770.73,South Sudan,SSD,,UNDP,Non-VF,1
104,"00104634, 00104636","Disarmament, Demobilization and Reintegration (DDR)",118418.0,South Sudan,SSD,,UNDP,Non-VF,1
105,125900, Global Fund Project - Solar for Health,6268828.8,South Sudan,SSD,,UNDP,Non-VF,1
106,99918.0,Support to SDGs localization in Ukraine,6817448.0,Ukraine,UKR,http://open.undp.org/projects/00099918,,,1
107,4114.0,EE in Public Buildings,5480000.0,Ukraine,UKR,PIMS+,,,1
108,1000157.0,Promotion of Human Security ,40000000.0,Ukraine,UKR,,Japan,,4
109,134106.0,Winterization/Energy Sector Recovery ,64600000.0,Ukraine,UKR,,Japan,,13
110,142763.0,PDL-145 Territoires,619829499.0,Dem. Rep. of the Congo,COD,https://open.undp.org/projects/00142763,DRC Gov,Non-VF,4
111,127148.0,Projet Green Energy post COVID 19 : “Accès à l’énergie verte pour atténuer les impacts de la COVID-19,900000.0,Dem. Rep. of the Congo,COD,,PNUD,Non-VF,1
112,6702.0,National child project under the GEF Africa Minigrids Program,500000.0,Dem. Rep. of the Congo,COD,PIMS+,GEF,VF,1
113,4690.0,Congo Kinshasa Microhydro,3187669.0,Dem. Rep. of the Congo,COD,PIMS+,GEF,VF,1
114,113647.0,Programme de Consommation Durable et Substitution partielle au bois énergie (Programme Energie-Fonaredd),15000000.0,Dem. Rep. of the Congo,COD,https://open.undp.org/projects/00101442,CAFI,Non-VF,3
115,107168.0,Programme Environnement et Gest. Durable du Capital Nat,5628899.0,Guinea,GIN,http://open.undp.org/projects/00107168,UNDP,Non-VF,6
116,107166.0,Gestion Intégrée des Ressources Naturelles,7460274.0,Guinea,GIN,https://open.undp.org/projects/00107166,"GEF
UNDP",Non-VF,1
117,135006,Libyan electricity & water sector stabilization support,655444.0,Libya,LBY,http://open.undp.org/projects/00135006,EU,Non-VF,1
118,92045.0,Hydrogen Economy Pilot Project,11659101.0,China,CHN,http://open.undp.org/projects/00092045,Gov. of China,Non-VF,3
119,119001.0,UNDP-China Greater Bay Area Hydrogen Economy Vocational,7358188.0,China,CHN,http://open.undp.org/projects/00119001,Gov. of China,Non-VF,2
120,119439.0,Trilateral cooperation on Renewable Energy in Ethiopia,439401.0,China,CHN,http://open.undp.org/projects/00119439,Gov. of China,Non-VF,2
121,6618.0,PhosChemEE,9343379.0,China,CHN,PIMS+,,VF,2
122,6431.0,EZCERTV,8932420.0,China,CHN,PIMS+,,VF,2
123,5395.0,Public Sector Buildings EE (PSBEE),8932420.0,China,CHN,PIMS+,,VF,1
124,144123.0,UNDP-NIO CLEAN PARK PROJECT,697979.0,China,CHN,https://open.undp.org/projects/00144123,,Non-VF,1
125,130247.0,JSB - Net Zero Emissions,1100000.0,Maldives,MDV,https://open.undp.org/projects/00141744,Gov. of Japan,Non-VF,3
126,94293.0,GCF-Managing Climate Change Induced Water Shortages,23636364.0,Maldives,MDV,"https://open.undp.org/projects/00094293
PIMS+",GEF,VF,1
127,130474.0,Project For Developing Sustainable Agricultural Economy,2500000.0,Maldives,MDV,https://open.undp.org/projects/00142132,Gov. of Japan,Non-VF,1
128,48025.0,Mainstreaming Green Environmental Development,29752153.0,Bosnia and Herzegovina,BIH,http://open.undp.org/projects/00048025,,Non-VF,2
129,105415.0,Green Economic Development Phase II,18383776.0,Bosnia and Herzegovina,BIH,http://open.undp.org/projects/00105415,,Non-VF,1
130,131266.0,Green Deal,614042.0,Bosnia and Herzegovina,BIH,http://open.undp.org/projects/00131266,,Non-VF,2
131,132013.0,Green Economic Development Project – III Phase,6294159.0,Bosnia and Herzegovina,BIH,http://open.undp.org/projects/00132013,,Non-VF,3
132,132014.0,Decarbonzation of Residential Sector in Bosnia and Her,1771084.0,Bosnia and Herzegovina,BIH,http://open.undp.org/projects/00132014,,Non-VF,1
133,141105.0,Inclusive Decarbonization Activity IDA,821580.0,Bosnia and Herzegovina,BIH,http://open.undp.org/projects/00141105,,Non-VF,2
134,5882.0,De-Risking and Scaling-up Investment in EE,17346000.0,Bosnia and Herzegovina,BIH,PIMS+,,VF,3
135,5646.0,Catalyzing Env.Fin. for Low-Carbon Urban Dev,2370000.0,Bosnia and Herzegovina,BIH,PIMS+,,VF,2
136,5188.0,Asunción Green City,7493120.0,Paraguay,PRY,PIMS+,GEF,VF,2
137,6510.0,National child project under the GEF African Minigrid Program,924566.0,Burkina Faso,BFA,PIMS+,GEF,VF,7
138,141579.0,Projet tranfrontalier Burkina RCI-UNDP-BFA-00129636,407000.0,Burkina Faso,BFA,https://open.undp.org/projects/00134067,,Non-VF,1
139,127230.0,Collaborate and Innovate-UNDP-BFA-00127230,1510000.0,Burkina Faso,BFA,https://open.undp.org/projects/00136271,,Non-VF,1
140,5462.0,San Salvador Urban Development,2420548.0,El Salvador,SLV,PIMS+,,VF,4
141,6657,National child project under the GEF Africa Minigrids Program,2018349.0,Sao Tome & Principe,STP,PIMS+,,VF,2
142,4602,Promotion of environmentally sustainable and climate-resilient grid/isolated grid-based hydroelectric electricity through an integrated approach in Sao Tome and Principe.,5274544.0,Sao Tome & Principe,STP,PIMS+,,VF,2
143,missing-STP-1,Green Infrastructure for Health and Education in Sao Tome and Principe,1072026.0,Sao Tome & Principe,STP,,,Non-VF,2
144,130633.0,Catalysing a Sustainable Shift towards E-mobility (March 2022-March 2023) ,896583.0,Viet Nam,VNM,https://www.undp.org/vietnam/projects/catalysing-sustainable-shift-towards-e-mobility,Gov. of Japan,Non-VF,3
145,1061012.0,Scaling up E-mobility and mechanisms for promoting investments in green projects in Viet Nam (March 2023 - March 2024,1128978.0,Viet Nam,VNM,,,Non-VF,6
146,134019.0,"Shifting Investment Flows 
Towards Green Transformation (SHIFT)",3000000.0,Viet Nam,VNM,N/A yet,,Non-VF,2
147,117633.0,Accelerating Private Sector Engagement in Climate Resilient and Low Emission Investment Opportunities in Viet Nam’s NDC,2201100.0,Viet Nam,VNM,Accelerating Private Sector Engagement in Climate-Resilient and Low-Emission Investment Opportunities in Viet Nam’s NDC 2019-2023 | United Nations Development Programme (undp.org),,Non-VF,6
148,98606,Bhutan Sustainable Low Urban Transport Systems,3000000.0,Bhutan,BTN,GEF,,Non-VF,1
149,128990,"Leveraging Nationally Determined Contributions (NDCs) to achieve net-zero emissions and climate-resilient development, in response to the climate emergency",1145424.0,Bhutan,BTN,JSB,,Non-VF,1
150,76640,Removal of barriers to sustainable utilization of available biomass resources in the country; and application of biomass energy technologies that can support the economic and social development in the country’s rural sector,1903000.0,Bhutan,BTN,GEF,,Non-VF,1
151,129029,Solar photovoltaic project ,210000.0,Bhutan,BTN,JSB,,Non-VF,1
152,6692,Energy Efficiency in Building Sector - Turkmenistan,2066333.0,Turkmenistan,TKM,https://co.pims.undp.org/project/view?id=6692,,,1
153,5452,Sustainable Cities: Ashgabat and Awaza,6060046.0,Turkmenistan,TKM,https://co.pims.undp.org/project/view?id=5452,,,1
154,6089.0,SPIRES (Rural Electrification),2639726.0,Solomon Islands,SLB,PIMS+,GEF,VF,6
155,6451.0,SMARTER - Bioenergy in Barbados,1593836.0,Barbados,BRB,PIMS+,GEF,VF,4
156,96620,Resource Efficiency in Agriculture & Agrobased Ind.GAP,1499060.0,Turkey,TUR,http://open.undp.org/projects/00096620,Turkish central government,Non-VF,1
157,114367,Environment and social resilience,791900.0,Turkey,TUR,http://open.undp.org/projects/00114367,H&M,Non-VF,1
158,125243,Increasing Employability in the Renewable Energy Sector,2362663.0,Turkey,TUR,http://open.undp.org/projects/00125243,Gov of South Korea,Non-VF,1
159,133485,Green Destination Model -ENERJISA,170000.0,Turkey,TUR,http://open.undp.org/projects/00133485,Enerjisa,Non-VF,1
160,5673,EE Low Cost Wooden Houses,3800000.0,Turkey,TUR,PIMS+,GEF,VF,1
161,5323,SEFM for Solar PV for Forest Villages,3780000.0,Turkey,TUR,PIMS+,GEF,VF,1
162,5285,TEEEM - EE Motors,3750000.0,Turkey,TUR,PIMS+,GEF,VF,1
163,124212.0,Services Energétiques Ruraux,7260535.0,Burundi,BDI,http://open.undp.org/projects/00124212,,Non-VF,4
164,115827.0,Solarisation of Head of State Residences in the Pacific,1575829.0,Fiji,FJI,http://open.undp.org/projects/00115827,,Non-VF,3
165,5926.0,BRANTV,2639726.0,Fiji,FJI,PIMS+,,VF,2
166,5613.0,FASNETT,2639725.0,Fiji,FJI,PIMS+,,VF,9
167,6188.0,SMARTEN,3302968.0,Fiji,FJI,PIMS+,,VF,4
168,6159.0,POIDIER,5379452.0,Fiji,FJI,PIMS+,,VF,12
169,5997.0,MPSBEE,1776484.0,Fiji,FJI,PIMS+,,VF,9
170,6417,TAILEV,3569725.0,Uzbekistan,UZB,PIMS+,GEF,VF,1
171,5392,Sustainable Rural Housing in Uzbekistan,6000000.0,Uzbekistan,UZB,PIMS+,GEF,VF,1
172,128213,Greening the RFM Hospital Demonstration,1870871.0,Eswatini,SWZ,http://open.undp.org/projects/00128213,Gov. of Italy,Non-VF,1
173,6432,National project under the AMP,863242.0,Eswatini,SWZ,PIMS+,,VF,1
174,missing-SWZ-1,UNDP Moonshot: Greening the UN House,156514.85,Eswatini,SWZ,,,Non-VF,1
175,missing-SWZ-2,UNDP Moonshot: Electric Vehicle,47848.0,Eswatini,SWZ,,,Non-VF,1
176,124574.0,Strengthening Local Climate Action,1220000.0,Kosovo,XXK,"https://www.undp.org/kosovo/projects/strengthening-local-climate-action-project#:~:text=The%20project%20supports%20Kosovo%20municipalities,Municipality%20of%20Suharek%C3%AB%2FSuva%20Reka.",Austrian Development Agency,Non-VF,4
177,130766.0,"Climate Promise Project- ""Growth Through Green and Rapid Recovery from Covid-19""",704052.0,Kosovo,XXK,https://climatepromise.undp.org/what-we-do/where-we-work/kosovo,,Non-VF,5
178,5702,Forest Landscape Restoration in the Mayaga,6213538.0,Rwanda,RWA,PIMS+,,VF,1
179,missing-RWA-1,Strengthening Capacities of the ENR Sector for Green Economy Transformation (SCENR),116275.0,Rwanda,RWA,,,Non-VF,1
180,126434.0,Accel. Clean Energy Access to Reduce Inequality (ACCESS),15028509.0,Indonesia,IDN,http://open.undp.org/projects/00126434,,Non-VF,4
181,142434.0,PIP Accelerating Robust Carbon Pricing,1796132.0,Indonesia,IDN,http://open.undp.org/projects/00142434,,Non-VF,3
182,6333.0,Electric Vehicles in Indonesia (ENTREV),1816500.0,Indonesia,IDN,PIMS+,,VF,1
183,5721.0,ADLIGHT,2633372.0,Indonesia,IDN,PIMS+,,VF,2
184,4673.0,RE Market Transformation (NAMA),8025000.0,Indonesia,IDN,PIMS+,,VF,1
185,6486.0,Promoting Low-carbon Electric Public Bus Transport in Mauritius,5600607.0,Mauritius,MUS,6486 Promoting Low-carbon Electric Public Bus Transport in Mauritius (undp.org),GEF,Non-VF,4
186,5681.0,Transformational shift to a low-carbon economy,28210000.0,Mauritius,MUS,5681 Transformational shift to a low-carbon economy (undp.org),GCF,Non-VF,6
187,5509.0,Realising Energy Savings and Climate Benefits of Implementing Mandatory Energy Auditing in the Republic of Mauritius ,4532164.0,Mauritius,MUS,Realising Energy Savings and Climate Benefits of Implementing Mandatory Energy Auditing in the Republic of Mauritius ,GEF,Non-VF,7
188,144953.0,Addressing food and energy crisis in North Macedonia,95000.0,North Macedonia,MKD,http://open.undp.org/projects/00144953,,Non-VF,1
189,144270.0,Green Finance Facility to Improve Air Quality and Combat Climate Change in North Macedonia,44400000.0,North Macedonia,MKD,https://open.undp.org/projects/00144270,,Non-VF,17
190,110061.0,Tackling Air Pollution in Skopje,2150000.0,North Macedonia,MKD,https://open.undp.org/projects/00110061,,Non-VF,1
191,5143,SE4ALL,3502968.0,Equatorial Guinea,GNQ,PIMS+,,VF,1
192,46258,Small Grants Programme,429168.0,Armenia,ARM,http://open.undp.org/projects/00046258,"UNDP, Arm.Gov, 
Gov. Finland",Non-VF,1
193,118602,Climate Smart Solutions in Communities,916858.0,Armenia,ARM,http://open.undp.org/projects/00118602,"Arm.Gov., UNDP",Non-VF,1
194,133238,Phase II_Climate Smart Solutions,595301.0,Armenia,ARM,http://open.undp.org/projects/00133238,"Arm.Gov., UNDP",Non-VF,1
195,101711,De-Risking Investment In Energy Efficient Retrofits,20420000.0,Armenia,ARM,https://open.undp.org/projects/00098348 ,"GEF, Arm.Gov., 
UNDP",Non-VF,1
196,140158,"Strengthened Community Resilience through Energy Efficiency and Low
Emission Development",1000000.0,Armenia,ARM,,,Non-VF,1
197,5749.0,The Climate Aggregation Platform for Developing Countries,1950000.0,New York,NA,PIMS+,,VF,2
198,118154,Regional stabilization facility,1260000.0,"Cameroon, Republic of",CMR, Cameroun Energy Project," UK, Allemagne  ",Non-VF,7
199,CMR/SGP/OP7/Y1/CORE/CC/2022/04 ,GEF Small Grants Programme,34255.0,"Cameroon, Republic of",CMR, Cameroun Energy Project,"1 447,00",Non-VF,1
200,130710,UNDP CAMEROUN GOES GREEN: SUPPORT FOR THE ACHIEVEMENT OF SUSTAINABLE MOONSHOT OBJECTIVES,16839.0,"Cameroon, Republic of",CMR, Cameroun Energy Project,Greening Moonshot Fund,Non-VF,3
201,6619.0,Solar for Health ,25000000.0,Namibia,NAM,,GCF,,1
202,120120.0,"Enhancing Namibia’s capacity to establish a comprehensive Transparency Framework for Measurement, Reporting and Verification (MRV) of climate actions and reporting on NDC implementation under the Paris Agreement",1160000.0,Namibia,NAM,https://co.pims.undp.org/project/view?id=6337,,,1
203,130635.0,"Promotion of carbon markets in Namibia for an enhanced implementation of the nationally determined contributions (NDC) towards net-zero emissions and climate-resilient development, in response to the climate emergency.",1003042.0,Namibia,NAM,https://sway.office.com/nRDTcZhPyGGgaC6k?ref=Link,,,1
204,1000235.0,"Strengthening and building resilience of Namibia’s peri-urban communities to climate change through climate-smart agricultural production, access to solar technologies, climate information and early-warning system.",1030039.0,Namibia,NAM,https://co.pims.undp.org/project/view?id=4711,Japan ,,4
205,135028.0,Projet d’appui au développement d’offres énergétiques (Chad),1745000.0,Chad,TCD,https://open.undp.org/projects/00135028,,Non-VF,7
206,114485.0,Policy and Innovation,14955773.0,Cambodia,KHM,http://open.undp.org/projects/00114485,,Non-VF,6
207,144124.0,ROK Solar Irrigation,2230822.0,Cambodia,KHM,https://open.undp.org/projects/00144124,,Non-VF,4
208,118895.0,Cambodia Climate Change Alliance – Phase 3,9032048.0,Cambodia,KHM,http://open.undp.org/projects/00118895,,Non-VF,13
209,125400,Accès aux services énergétiques,2545500.0,Niger,NER,http://open.undp.org/projects/00125400,UNDP,Non-VF,1
210,"6659, 143728",National child project under the GEF Africa Minigrids Program,1601376.0,Niger,NER,PIMS+,GEF,VF,1
211,6321,Sudan national child project - Africa Minigrids Program (AMP),2637246.0,Sudan,SDN,PIMS+,GEF,VF,1
212,5674,Efficient Appliances UNEP Global PFD,1770000.0,Sudan,SDN,PIMS+,GEF,VF,1
213,106169,Solar for Agriculture Development in Sudan,9129111.0,Sudan,SDN,http://open.undp.org/projects/00106169,KOICA,Non-VF,1
214,102733,Solar for Health Project,676621.0,Sudan,SDN,http://open.undp.org/projects/00102733,GCF,VF,1
215,1000518,Sudan-Scaling Solar Applications for Agricultural Use (SSAAU),200000.0,Sudan,SDN,,IBSA,Non-VF,1
216,98897,FRELOCAL - FUENTES RENOVABLES DE ENERGIA - DES LOCAL,3578420.0,Cuba,CUB,http://open.undp.org/projects/00098897,,Non-VF,1
217,110578,Resiliencia Energetica post Irma,7710027.0,Cuba,CUB,http://open.undp.org/projects/00110578,,Non-VF,1
218,118945,MUNICIPIO MARTI ENERGIA SOSTENIBLE,433162.0,Cuba,CUB,http://open.undp.org/projects/00118945,,Non-VF,1
219,5653,Cuba Sustainable Transport,1959132.0,Cuba,CUB,PIMS+,,VF,1
220,4899,CleanEnerg Cuba,2737524.0,Cuba,CUB,PIMS+,,VF,1
221,120932,"Apoyo a la revitalización del empleo en la cadena de producción ganadera de la provincia de Guantánamo, en la etapa de Recuperación post COVID-19",100000.0,Cuba,CUB,Empleo Autoabastecimiento COVID-19 | UNDP Transparency Portal,,Non-VF,1
222,118495,ALASS,800000.0,Cuba,CUB,https://open.undp.org/projects/00118495,,Non-VF,1
223,85124,Agrofrutales,128000.0,Cuba,CUB,https://open.undp.org/projects/00085124,,Non-VF,1
224,6658,National child project under the GEF Africa Minigrids Program,1326147.0,Benin,BEN,PIMS+,,VF,1
225,5115,Benin Biomass Electricity Generation,3872602.0,Benin,BEN,PIMS+,,VF,3
226,4979,Benin NAPA LDCF 2,8000000.0,Benin,BEN,PIMS+,,VF,5
227,4979-2,Benin NAPA LDCF 2 TRAC 2,1400000.0,Benin,BEN,TRAC 2: Access of vulnerable and neglected communities to sustainable and affordable energy through the promotion of Smart sustainable Energy Hubs,,VF,1
228,missing-KEN-1,JSB- ACCELERATING CLEAN COOKING ACTION IN KENYA,1327000.0,Kenya,KEN,,Japan,Non-VF,5
229,missing-KEN-2,SOLAR POWERWED COLD STORAGE FACILITIES TO REDUCE POST HARVEST LOSSESS,24710000.0,Kenya,KEN,,MITIGATION FACILITY				,Non-VF,7
230,113007,Electricity and Energy Support,36250760.0,Syria,SYR,http://open.undp.org/projects/00113007,,Non-VF,19
231,129587.0,Accelerator Lab – Mozambique,566623.0,Mozambique,MOZ,http://open.undp.org/projects/00129587,UNDP AccLabs,Non-VF,2
232,6270.0,GEF 7: Sustainable Cities - Green Economy,10317970.0,Costa Rica,CRI,PIMS+,GEF,VF,7
233,102048,Home Projects WRM and Eba in Xe Bang Hieng river basin and LPB city,5579452.0,Lao PDR,LAO,https://undp-my.sharepoint.com/:b:/r/personal/benjamin_rapp_undp_org/Documents/Public/Signed%20ProDoc%20GEF%20IWRM%20Lao%20PDR.pdf?csf=1&web=1&e=RpDFpX,GEF LDCF,Non-VF,2
234,132455 ,Climate Promise II: from Pledge to Impact,540000.0,Lao PDR,LAO,https://undp-my.sharepoint.com/:w:/r/personal/benjamin_rapp_undp_org/Documents/Public/ProDoc%20CP%20II%20-%20Final%20Draft_updated250523%20Tx.docx?d=wb4fecac79120493cb018c6c063ab65b7&csf=1&web=1&e=cTjXPA,UNDP (Government of Germany),Non-VF,2
235,126532.0,The ACCESS project,2700742.0,Timor-Leste,TLS,http://open.undp.org/projects/00126532,KOICA,Non-VF,3
236,145070.0,3E4Women,129875.0,Timor-Leste,TLS,http://open.undp.org/projects/00145070,Joint SDG Fund,Non-VF,1
237,1000417.0,Green Transformation ,700000.0,Timor-Leste,TLS,,Japan,Non-VF,3
238,94384.0,Sustainable Energy for All,12489640.0,United Republic of Tanzania,TZA,http://open.undp.org/projects/00094384,,Non-VF,1
239,141196.0,Implementation of the Tanzania Energy Efficiency Action,5410706.0,United Republic of Tanzania,TZA,http://open.undp.org/projects/00141196,"European Union, UNDP",Non-VF,7
240,122808.0,Energy Efficiency Renovation,1055099.0,Serbia,SRB,http://open.undp.org/projects/00122808,Gov. of Serbia,Non-VF,1
241,6388.0,Energy Efficiency in Buildings,1505000.0,Serbia,SRB,PIMS+,,VF,6
242,6285.0,Circular Economy in Serbia,1777000.0,Serbia,SRB,PIMS+,,VF,1
243,132059.0,Rural Energy Market Transform (AREMTI),21398843.0,Afghanistan,AFG,https://open.undp.org/projects/00132059,"GCF (including 17,198,843) , UNDP, Ministry of Rural Rehabilitation and
Development (MRRD)",Non-VF,1
244,147445.0, Sustainable Energy Services for Education and Health in Afghanistan (SESEHA),60110220.0,Afghanistan,AFG,https://open.undp.org/projects/00147445,BMZ (Federal Ministry for Economic Cooperation and Development) through KFW (German Development Bank),Non-VF,1
245,1000372.0,ABADEI 2.0,8726624.0,Afghanistan,AFG, ,Government of Japan,Non-VF,1
246,138844.0,ABADEI 1.0 (PIP),12895159.0,Afghanistan,AFG,https://open.undp.org/projects/00138844,"Government of Japan, UNDP",Non-VF,2
247,143651.0,Strengthening Community Safety Well-being and Humanitarian Security in Afghanistan ,1253880.0,Afghanistan,AFG, ,Government of Japan,Non-VF,1
248,88841.0,Afghanistan Sustainable Energy for Rural Development (ASERD),12846044.0,Afghanistan,AFG, ,"Republic of Korea, UNDP, Canada, Spain",Non-VF,1
249,00131399 (UNDP CO TRAC),National Human Development Report (NHDR) on Energy-Induced Vulnerabilities in the Kyrgyz Republic,164532.0,Kyrgyzstan,KGZ,https://www.undp.org/kyrgyzstan/projects/national-human-development-report-2024-energy-induced-vulnerabilities,UNDP (funded by TRAC),Non-VF,3
250,104020,Electrification Rurale et Autonomisation des Femmes,6930933.0,Haiti,HTI,http://open.undp.org/projects/00104020,Japan,Non-VF,1
251,128342,Installation Pompes Solaires,1858988.0,Haiti,HTI,http://open.undp.org/projects/00128342,India,Non-VF,1
252,120474.0,Transition to sustainable energy and economy,662997.0,Prog for Palestinian People,PSE,http://open.undp.org/projects/00120474,Japan,Non-VF,4
253,117719.0,Solar Energy System for KY WWTP,2348907.0,Prog for Palestinian People,PSE,http://open.undp.org/projects/00121913,Norway,Non-VF,1
254,122659.0,Climate Action for Human Security (Regional project component),149000.0,Iraq,IRQ,http://open.undp.org/projects/00122659,CO funding,Non-VF,1
255,122627.0,Climate Action for Human Security ,922000.0,Iraq,IRQ,,SIDA,Non-VF,2
256,6487.0,Promoting Carbon Reduction Through Energy Efficiency (EE) Techniques in Iraq,3092009.0,Iraq,IRQ,PIMS+,GEF,VF,4
257,85156.0,"Iraq Crisis Recovery and Resilience Program (ICRRP), Output 3: Resilience Of Vulnerable Communities To Climate Change Enhanced Through Access To Renewable Energy",4250000.0,Iraq,IRQ,https://open.undp.org/projects/00085156,USAID,Non-VF,7
258,125754.0,Mainstreaming Environmental Sustainability and Clean Energy Access in the 3RP: The Case for Action: Renewable Energy Training for Forcibly Displaced and Vulnerable Young Men and Women in Iraq  ,55000.0,Iraq,IRQ,,Govt. of Finland,Non-VF,1
259,89459.0,Funding Facility for Stabilization,11182694.0,Iraq,IRQ,https://open.undp.org/projects/00089459,USAID,Non-VF,8
260,116195.0,Supporting recovery and stability through local development in Iraq,6148000.0,Iraq,IRQ,,Multidonor,Non-VF,5
261,5304.0,Urban Transport,2639726.0,Philippines,PHL,PIMS+,,VF,3
262,5194.0,DREAMS,5200000.0,Philippines,PHL,PIMS+,,VF,16
263,85377.0,Joint Programme on Charcoal,8652596.0,Somalia,SOM,http://open.undp.org/projects/00085377,"MPTF (EU, Italy, Sweden, Norway)",Non-VF,2
264,6328.0,Somalia national child project - Africa Minigrids Program (AMP),3276147.0,Somalia,SOM,PIMS+,GEF,VF,1
265,133229.0,COVID 2.0- Beyond Recovery COVID-19,668218.0,India,IND,http://open.undp.org/projects/00133229,This was the Green Recovery Project supported by UNDP Rapid Finance Facility in 2021-2022. Approx. 77.28 tCO2 equivalent per yr abated,Non-VF,2
266,116294.0,Energy Efficiency and Thermal Comfort in Buildings,4484357.0,India,IND,PIMS+,"Under this GEF supported project, super EE technologies will be piloted in select public, private buildings across 3 States in India. The total estimated GHG reduction potential from this pilot is estimated to be 26.6 ktCO2 per year ",Non-VF,1
267,1000316.0,Scaling Solar Applications for Agricultural Use,200000.0,India,IND,,This project is being implemented in partnership with International Solar Alliance (ISA) across 10 of its member countries. Estimation : Approx. 87.84 tCO2 per year will be abated,Non-VF,1
268,127730.0,JSB-NZE 2021 project ,1782418.0,India,IND,,The project support by Govt of Japan is being implemented across several States in India. The approximate GHJG emissions abated from the interventions is 778.32 tCo2 equivalent per yr,Non-VF,6
269,1000354.0,JSB-NZE 2022 project,695057.0,India,IND,,"The project support by Govt of Japan is being implemented across several States in India. The estimated GHG emissions abated from the interventions is 92,500 tCo2 equivalent per yr (only from interventions in Steel sector. The GHG emissions abated from other interventions will be calculated based on the sizes of actual units deployed)",Non-VF,5
270,125788,Accès aux énergies propres dans les zones rurales du Liptako Gourma,8498746.0,Mali,MLI,https://open.undp.org/projects/00134123,ASDI,Non-VF,4
271,130075 ,Femmes illuminant les chemins vers la paix,1500000.0,Mali,MLI,https://open.undp.org/projects/00125461,,Non-VF,3
272,121587,"Energie solaire, télésanté et protection sociale pour transformer la santé communautaire au Mali (SanDi)/RFF",6000000.0,Mali,MLI,,,Non-VF,3
273,129014,Africa Migrid Program,1780000.0,Mali,MLI,,GEF/UNDP,Non-VF,6
274,124853,Ten Country: Scaling Solar Applications for Agricultural Use,200000.0,Mali,MLI,,ISA/India,Non-VF,5
275,CIV10- CIV10-00131158,"Engagement des jeunes et des femmes pour la prévention des crises, la stabilité sociale, la consolidation de la paix et la réduction de la violence communautaire dans le nord de la Côte d'Ivoire",450174.24,Cote d'Ivoire,CIV,https://undp.sharepoint.com/:w:/r/teams/CIV/Archive/Unite%20Programme/Portfeuille%20gouvernance/Prodoc_PVE_RC_Version%20du%2008042022_finale.doc?d=w3ccf70e3a98f49ed99731f086fb1f089&csf=1&web=1&e=mlUAt4,Allemagne,Non-VF,1
276,5989.0,Sustainable Energy Access,3540468.0,Angola,AGO,PIMS+ ,,VF,1
277,5331.0,Angola Charcoal,4620000.0,Angola,AGO,PIMS+ 5331,,VF,3
278,1000194,Strengthening Systems Approach for SDGs in Mongolia (SASiM),50000.0,Mongolia,MNG,,,Non-VF,1
279,107518.0,NDC Support Project,931500.0,Thailand,THA,https://undp.sharepoint.com/:f:/r/teams/THA/IntegratedProgrammeTeam/IGSD%20Document/IGSD%20Document/Support%20document%20on%20Tracking%20the%20Energy%20Moonshot/00107518%20NDC%20Support?csf=1&web=1&e=DJOLKl,,Non-VF,1
280,124794.0,"Achieving Sustainable Low Carbon Growth in the City through Electrified Urban Transport System in Thailand (E-Transport in LCC)"" UNDP-UK PACT Project",641793.0,Thailand,THA,https://undp.sharepoint.com/:f:/r/teams/THA/IntegratedProgrammeTeam/IGSD%20Document/IGSD%20Document/Support%20document%20on%20Tracking%20the%20Energy%20Moonshot/00124794%20E-Transport%20in%20LCC?csf=1&web=1&e=VaOW8z,,Non-VF,2
281,6384.0,E-Mobility Strategy Peru,1784862.0,Peru,PER,PIMS+,,VF,3
282,5476.0,Green Energy SME Development Project,491740.75,Tajikistan,TJK,https://open.undp.org/projects/00097769,GEF,VF,11
283,CKT-NGA10-2022-030,"DRILLING OF TWO (2) MIDDLE AQUIFER BOREHOLES IN BANKI POLICE BARRACK AND IMMIGRATION QUATER PREMISES BANKI, BAMA LGA BORNO STATE",29406.544502617802,Nigeria,NGA,,,Non-VF,1
284,UNDP-NGA10-2022-015 ,"PROVISION AND INSTALLATION OF 160 SOLAR STREET LIGHTS AT
500 HOUSING UNIT, BANKI TOWN, BAMA LGA, BORNO STATE",48597.126701570676,Nigeria,NGA,,,Non-VF,1
285,NGA10-0000026575,"PROVISION AND INSTALLATION OF 12 SOLAR STREET LIGHTS BANKI TOWN, BAMA LGA, BORNO STATE",3644.784502617801,Nigeria,NGA,,,Non-VF,1
286,UNDP-NGA10-2022-016,"PROVISION AND INSTALLATION OF 145 SOLAR STREET LIGHTS AT
500 HOUSING UNIT, DAMBOA TOWN, DAMBOA LGA, BORNO STATE",44041.146073298434,Nigeria,NGA,,,Non-VF,1
287,NGA10-0000026576,"SUPPLY AND INSTALLATION OF 5KVA INVERTER SYSTEM WITH SOLAR
PANEL IN PRIMARY SCHOOL, BANKI",4852.29057591623,Nigeria,NGA,,,Non-VF,1
288,CKT-NGA10-2021-63,"PROVISION AND INSTALLATION OF SOLAR POWERED STREETLIGHTS AT NGARANNAM, MAFA LGA, BORNO STATE (LOT 1)",123645.6719895288,Nigeria,NGA,,,Non-VF,1
289,CKT-NGA10-2021-64,"PROVISION AND INSTALLATION OF SOLAR POWERED STREETLIGHTS AT NGARANNAM, MAFA LGA, BORNO STATE (LOT 2)",123645.6719895288,Nigeria,NGA,,,Non-VF,1
290,10046575,"Provision & Installation of Solar Powered Streetlights along Trench Line, Ngarannam, Mafa L.G.A, Borno State",112989.42553664921,Nigeria,NGA,,,Non-VF,1
291,CKT-NGA10-2021-62,"Construction of Drilling, Installation and Reticulation of Two (2) Deep Aquifer (Underground Water Wells) Solar Driven Boreholes at Ngarannam, Mafa LGA, Borno State",128501.30890052357,Nigeria,NGA,,,Non-VF,1
292,UNDP-NGA10-2022-087,"Construction works at Primary Health Care Centre in Jajere community, Fune LGA in Yobe
State",103632.90418848167,Nigeria,NGA,,,Non-VF,1
293,NGA10-0000026603,"SUPPLY AND INSTALLATION OF 5KVA INVERTER SYSTEM WITH SOLAR
PANEL IN NGARANNAM POLICE OUTPOST MAFA LGA, BORNO STATE",6832.787958115183,Nigeria,NGA,,,Non-VF,3
294,145011.0,JP Food/Energy Resilience,99070.0,Georgia,GEO,http://open.undp.org/projects/00145011,,Non-VF,1
295,1000347.0,Renewable Energy for Sustainable Forest Management and Community Resilience in Machakhela Protected Areas,450000.0,Georgia,GEO,https://www.undp.org/georgia/projects/machakhela-forest-management,,Non-VF,5
296,101419.0,Improving Rural Development in Georgia (ENPARD 3),2000000.0,Georgia,GEO,https://www.undp.org/georgia/projects/enpard-3,,Non-VF,1
297,141162.0,Support to sustainable and climate-friendly forest management practices in Georgia  ,926659.0,Georgia,GEO,https://www.undp.org/georgia/projects/sustainable-forest-management,,Non-VF,1
298,6327.0,Djibouti national child project - Africa Minigrids Program (AMP),3071347.0,Djibouti,DJI,PIMS+,GEF,VF,2
299,6202.0,Djibouti clean energy rural mini-grids project,863242.0,Djibouti,DJI,PIMS+,GEF,VF,1
300,9691.0,"Enhancing the enabling environment for investment in renewable energy technologies in the Obock Region, Djibouti (under formulation)",1776484.0,Djibouti,DJI,PIMS+,GEF,VF,1
301,5957/ 117647,Energy Efficiency through the Development of Low-carbon RAC Technologies in Trinidad and Tobago,5152392.0,Trinidad & Tobago,TTO,https://open.undp.org/projects/00117647,,Non-VF,7
302,110728, Global Climate Change Alliance Plus Trinidad and Tobago  “Support to the  Implementation of Trinidad and Tobago’s Nationally Determined Contribution”,2665440.0,Trinidad & Tobago,TTO,https://open.undp.org/projects/00112038,,Non-VF,5
303,TRI/SGP/OP7/YI/CORE/CC/22/09,"Improving community climate resilience in Matelot by implementing green solutions to address its electricity, water and food limitations.",26000.0,Trinidad & Tobago,TTO,,,Non-VF,1
304,115022,Promoting Energy-Related Low Carbon Urban Development in Bangladesh (LCUD),3767810.0,Bangladesh,BGD,https://open.undp.org/projects/00117898,GEF,Non-VF,3
305,116395,Bangladesh Enabling Electric Vehicles Adoption (BEEVA) in the Framework of Sustainable Energy-based Transportation ,1788991.0,Bangladesh,BGD,,GEF,Non-VF,3
306,93848,Adaptation Initiative for Climate Vulnerable Offshore Small Islands and Riverine Charland in Bangladesh,9212322.0,Bangladesh,BGD,https://open.undp.org/projects/00093848,Adaptation Fund,Non-VF,3
307,93426,Local Government Initiative on Climate Change (LoGIC),35200000.0,Bangladesh,BGD,https://open.undp.org/projects/00085984,"(EU-17.05m, SIDA-17.97m)",Non-VF,3
308,00110796(AC Unit) & 00117012 (PMU),HCFC Phase-Out Management Plan (HPMP Stage-II) For Compliance with the 2020 and 2025 Control Targets Under the Montreal Protocol,5356014.0,Bangladesh,BGD,HPMP II (AC Unit); HPMP II (PMU),MLF,Non-VF,4
309,134586,Climate Promise: From Pledge to Impact,475000.0,Bangladesh,BGD,,Government of Germany,Non-VF,1
310,93849,Improved Cooking Stoves in CHT area (under A2I project),150000.0,Bangladesh,BGD,https://open.undp.org/projects/00093849,"Government of Bangladesh-50 million, Other donors (Gate Foundation, FB, Vital strategy, etc.): 9 million)",Non-VF,5
311,106912,Bangladesh: First Biennial Update Report to the UNFCCC,489000.0,Bangladesh,BGD,https://open.undp.org/projects/00105918,GEF,Non-VF,1
312,104187,(Suspended until Nov 2023) Rural Renewable Energy,4934228.0,Myanmar,MMR,https://open.undp.org/projects/00104187,,Non-VF,3
313,111777,Governance for Resilience and Sustainability Project ,716641.0,Myanmar,MMR,https://open.undp.org/projects/00111777,,Non-VF,3
314,missing-MMR-1,"UNDP-SPM Partnership for rural electrification
(Concept developed subject to resource mobilization)",1348200.0,Myanmar,MMR,,in search of donor,Non-VF,22
315,112026,Promoting the use of solar technologies for agricultural and rural development in Cambodia and Myanmar,2285334.0,Myanmar,MMR,,"Ministry of Agriculture, Food and Rural Affairs (MAFRA), Republic of Korea",Non-VF,1
316,100551.0,"Apoyo a las políticas de ciencia, tecnología e innovación de la Provincia de Buenos Aires",2317196.0,Argentina,ARG,http://open.undp.org/projects/00100551,GOB,Non-VF,1
317,129530.0,Modernización del Banco de la Nación Argentina,4235601.0,Argentina,ARG,http://open.undp.org/projects/00129530,GOB,Non-VF,1
318,96640.0,Modelos de negocios para la producción de biogas,2779849.0,Argentina,ARG,https://open.undp.org/projects/00096640,GEF,Non-VF,3
319,116913.0,implement & update NDC in energy&indust-process sectors,792240.0,Tunisia,TUN,http://open.undp.org/projects/00120928,"Name oF Donor: GOVERNMENT OF GERMANY  and   GOVERNMENT OF TUNISIA

UNDP|04000|TRAC (Lines 1.1.1 and 1.1.2)|00012|UNITED NATIONS DEVELOPMENT PRO
                                                                                                                                                                                                                                                                                                 DOnor ID: 28310/12711
3000/00117
",Non-VF,8
320,6686.0,Towards Sustainable cities in Tunisia,846906.0,Tunisia,TUN,https://co.pims.undp.org/project/view?id=6686,UNDP|04000|TRAC (Lines 1.1.1 and 1.1.2)|00012|UNITED NATIONS DEVELOPMENT PRO             UNDP|62000|GEF Voluntary Contribution |10003|Global Environment Fund Truste,VF,1
321,136365.0,EE and Retrofits in Turkestan Secondary School,304251.0,Kazakhstan,KAZ,http://open.undp.org/projects/00136365,,Non-VF,1
322,130007.0,Attracting investors in the field of energy efficiency,2425796.0,Kazakhstan,KAZ,http://open.undp.org/projects/00130007,,Non-VF,1
323,112788.0,"Forest Carbon Offset Mechanisms, Bitfury initiative",1214842.0,Kazakhstan,KAZ,http://open.undp.org/projects/00112788,,Non-VF,2
324,5703.0,UNEP Efficient Appliances Global PFD,3500000.0,Kazakhstan,KAZ,PIMS+,,VF,4
325,5490.0,De-risking Renewable Energy Investment,4510000.0,Kazakhstan,KAZ,PIMS+,,VF,4
326,4670.0,Urban NAMA,5930000.0,Kazakhstan,KAZ,PIMS+,,VF,1
327,125105.0,"Just transition – green biofuel to benefit women in rural areas of 
Kazakhstan.",300000.0,Kazakhstan,KAZ,https://open.undp.org/projects/00125105,,Non-VF,2
328,4283.0,GTALCC,4354794.0,Malaysia,MYS,PIMS+,,VF,3
329,5885.0,Low Carbon project,2912702.0,Guinea-Bissau,GNB,PIMS+,,VF,4
330,136664.0,Energy efficiency for improved air quality in Pljevlja,608124.0,Montenegro,MNE,http://open.undp.org/projects/00136664,"Slovak Ministry of Finance, Municipality Pljevlja",Non-VF,1
331,103520.0,Private Sector in Dev.Coopera (RMF Just Transition),120950.0,Montenegro,MNE,Public and Private Finance for Development | UNDP Transparency Portal,"Slovak Ministry of Finance, Municipality Pljevlja",Non-VF,2
332,6249,Green Sharm El Sheikh,6212694.0,Egypt,EGY,PIMS+,GEF,VF,1
333,4998,Grid-connected Small-Scale Photovoltaic Syste,3536364.0,Egypt,EGY,PIMS+,GEF,VF,1
334,130275,Promote small-scale PV-UNDP-EGY,1103288.0,Egypt,EGY,Quantum ,Japan,Non-VF,1
335,130610,Multilateral Support to COP27,1500000.0,Egypt,EGY,Qunatum,EU,Non-VF,1
336,132688,Projet d’Electrification  Rurale en Zones Isolées (PERZI),329490000.0,Mauritania,MRT,,"Gouvernment, UNDP, ",Non-VF,1
337,131201,Paix Verte,157000.0,Mauritania,MRT,,PBF,Non-VF,1
